SAT_AVG,UG25ABV,PCTPELL,PCTPELL_DCS,TUITIONFEE_IN,TUITIONFEE_OUT,COSTT4_A,RET_FT4,MD_EARN_WNE_INC1_P10,MD_EARN_WNE_INC3_P10,C150_4
920.0,0.0617,0.6536,0.6553,10024.0,18634.0,23167.0,0.5928,37848.0,48095.0,0.2678
1291.0,0.1794,0.3308,0.3374,8832.0,21216.0,26257.0,0.8243,49475.0,58346.0,0.6442
1259.0,0.1519,0.2173,0.2235,11878.0,24770.0,25777.0,0.8018,55158.0,67638.0,0.6295
963.0,0.0677,0.6976,0.6984,11068.0,19396.0,21900.0,0.596,32315.0,41081.0,0.2773
1304.0,0.0735,0.1788,0.1843,11940.0,32300.0,31024.0,0.8668,52399.0,65411.0,0.7276
1051.0,0.2031,0.4589,0.5011,9100.0,19348.0,19771.0,0.7016,41154.0,51859.0,0.3584
1218.0,0.017,0.2268,0.2277,21250.0,21250.0,35495.0,0.7746,52225.0,63125.0,0.6463
1021.0,0.4247,0.461,0.5172,23920.0,23920.0,36169.0,0.6316,37618.0,55474.0,0.33
1086.0,0.0441,0.3921,0.3921,28350.0,28350.0,39717.0,0.648,43793.0,54913.0,0.5018
1055.0,0.1258,0.4386,0.506,11952.0,21912.0,22153.0,0.6566,40482.0,51544.0,0.5224
1015.0,0.373,0.4556,0.4556,10990.0,20090.0,22456.0,0.691,39855.0,55375.0,0.3846
1227.0,0.0166,0.1051,0.1052,36725.0,36725.0,52514.0,0.9096,56092.0,59577.0,0.7779
1118.0,0.128,0.3853,0.3943,9116.0,17732.0,22667.0,0.6878,44893.0,54926.0,0.4767
1094.0,0.0475,0.3531,0.3542,21732.0,21732.0,35488.0,0.8093,45451.0,53567.0,0.6156
1050.0,0.3538,0.4229,0.4376,9312.0,18624.0,22005.0,0.7477,36725.0,53340.0,0.4552
1091.0,0.0385,0.5723,0.5776,22614.0,22614.0,41924.0,0.756,46343.0,55772.0,0.6728
1229.0,0.1419,0.2781,0.2848,13275.0,39577.0,27682.0,0.8564,55089.0,68380.0,0.6793
1278.0,0.0626,0.178,0.1791,40464.0,40464.0,58036.0,0.7823,75740.0,90898.0,0.7062
1089.0,0.3795,0.3971,0.4716,8366.0,18957.0,21300.0,0.7452,41617.0,52695.0,0.4193
1167.0,0.0851,0.1822,0.1842,9656.0,27410.0,24611.0,0.8558,52171.0,65077.0,0.6919
878.0,0.0914,0.6618,0.6727,8668.0,15838.0,19968.0,0.5891,33114.0,40780.0,0.4115
1119.0,0.1922,0.3602,0.3967,7456.0,13312.0,21176.0,0.7756,38187.0,50630.0,0.5281
1118.0,0.0797,0.3633,0.3858,9778.0,16728.0,23167.0,0.7413,40828.0,51895.0,0.5008
1011.0,0.164,0.4325,0.4583,17700.0,17700.0,28293.0,0.6261,45577.0,47852.0,0.392
1182.0,0.0445,0.1971,0.2223,23148.0,23148.0,34168.0,0.8443,46778.0,56169.0,0.6947
1019.0,0.1104,0.4479,0.4526,7560.0,9768.0,26032.0,0.5718,40493.0,50399.0,0.3922
1246.0,0.0054,0.2525,0.2543,35100.0,35100.0,49928.0,0.7905,43180.0,64694.0,0.6857
1218.0,0.0891,0.2334,0.2996,29720.0,29720.0,42128.0,0.8445,47122.0,55878.0,0.7121
1087.0,0.0191,0.3571,0.3613,25950.0,25950.0,35272.0,0.6853,41252.0,44277.0,0.4096
1050.0,0.0447,0.4238,0.4295,19450.0,19450.0,30718.0,0.5789,37485.0,48956.0,0.4495
1088.0,0.0937,0.4263,0.4819,9680.0,15110.0,24242.0,0.7054,40376.0,48423.0,0.4454
1132.0,0.2209,0.3993,0.3993,42330.0,42330.0,54157.0,0.7788,61439.0,67549.0,0.6127
1250.0,0.0793,0.2579,0.2623,44382.0,44382.0,57785.0,0.8432,56248.0,56992.0,0.7206
1258.0,0.0822,0.3117,0.3122,48012.0,48012.0,60992.0,0.8102,67158.0,71824.0,0.732
1316.0,0.0254,0.1939,0.2003,60672.0,60672.0,78549.0,0.9129,61716.0,78489.0,0.8363
1514.0,0.0021,0.2006,0.2008,60715.0,60715.0,78723.0,0.9579,94018.0,121531.0,0.9128
1192.0,0.1121,0.2682,0.288,49426.0,49426.0,67130.0,0.8525,76498.0,96293.0,0.7893
1116.0,0.32,0.4752,0.4752,47000.0,47000.0,59394.0,0.769,56403.0,73894.0,0.6322
1378.0,0.0168,0.1326,0.135,55926.0,55926.0,72553.0,0.8773,71487.0,81440.0,0.8152
1434.0,0.0041,0.1707,0.1717,60566.0,60566.0,77878.0,0.8897,74172.0,78408.0,0.8267
1276.0,0.0635,0.369,0.3732,53682.0,53682.0,64996.0,0.8768,72078.0,82806.0,0.7372
1399.0,0.0547,0.1928,0.1929,63142.0,63142.0,80152.0,0.8837,79434.0,83189.0,0.8398
1520.0,0.0068,0.1834,0.1852,59238.0,59238.0,77810.0,0.9623,71164.0,91331.0,0.9463
1215.0,0.146,0.3325,0.335,55678.0,55678.0,70206.0,0.7964,65673.0,77282.0,0.669
1323.0,0.063,0.2823,0.2838,55532.0,55532.0,73981.0,0.8093,82790.0,92260.0,0.7437
1379.0,0.0112,0.1103,0.1104,57534.0,57534.0,75576.0,0.9189,96559.0,115109.0,0.8852
1467.0,0.0046,0.1114,0.1118,60712.0,60712.0,79740.0,0.9051,82504.0,75532.0,0.8407
1520.0,0.0233,0.2173,0.2191,64726.0,64726.0,81298.0,0.9655,88397.0,95698.0,0.925
1328.0,0.0161,0.2072,0.2072,27000.0,27000.0,38428.0,0.916,63783.0,51206.0,0.8506
1380.0,0.0129,0.1898,0.1898,50066.0,50066.0,67000.0,0.861,61848.0,67391.0,0.7356
1231.0,0.0392,0.3424,0.3424,49864.0,49864.0,62130.0,0.696,58581.0,62250.0,0.6557
1066.0,0.2087,0.3553,0.455,9776.0,21848.0,22772.0,0.568,39144.0,52898.0,0.28
1150.0,0.2009,0.2608,0.3374,9562.0,26818.0,23895.0,0.6976,64378.0,63702.0,0.4385
1301.0,0.0619,0.1435,0.1456,13106.0,40356.0,32351.0,0.8778,62927.0,74571.0,0.7474
1403.0,0.0508,0.133,0.1348,20040.0,42120.0,37114.0,0.9362,96958.0,97432.0,0.8181
1199.0,0.1042,0.2124,0.2177,12874.0,32734.0,28277.0,0.8622,57073.0,64282.0,0.6662
1348.0,0.0598,0.1513,0.1538,56439.0,56439.0,72540.0,0.88,68391.0,73853.0,0.7745
1147.0,0.145,0.3764,0.3969,9212.0,19724.0,24017.0,0.5947,42654.0,50017.0,0.3877
1062.0,0.16,0.3005,0.3312,9297.0,23019.0,22346.0,0.7599,39494.0,54202.0,0.3915
1025.0,0.3635,0.3323,0.3493,10260.0,28092.0,22428.0,0.628,48401.0,55742.0,0.2898
1106.0,0.1159,0.2653,0.2921,11332.0,24722.0,26352.0,0.7518,50573.0,54992.0,0.5191
1149.0,0.3472,0.2452,0.2573,42220.0,42220.0,52045.0,0.7248,58711.0,82173.0,0.668
1031.0,0.2141,0.3343,0.4321,9245.0,16324.0,22545.0,0.6241,50802.0,63201.0,0.3505
1154.0,0.0673,0.1416,0.2659,10813.0,22837.0,24833.0,0.767,45710.0,49608.0,0.4698
1061.0,0.1846,0.3579,0.3641,12106.0,24994.0,22904.0,0.7653,55999.0,55171.0,0.5347
1427.0,0.0055,0.1597,0.1613,63005.0,63005.0,79575.0,0.872,58054.0,78875.0,0.8411
1340.0,0.0248,0.2406,0.2433,19434.0,42102.0,35236.0,0.9095,66740.0,81315.0,0.8318
1325.0,0.0182,0.0736,0.0745,54455.0,54455.0,71215.0,0.9108,78376.0,91750.0,0.8419
1201.0,0.048,0.2835,0.2899,46148.0,46148.0,60887.0,0.7438,57498.0,64883.0,0.5694
1180.0,0.0575,0.2789,0.2819,44184.0,44184.0,60918.0,0.7396,57642.0,65058.0,0.621
1387.0,0.0107,0.1306,0.1331,63930.0,63930.0,79605.0,0.9002,91434.0,105111.0,0.8357
1547.0,0.0067,0.1877,0.1878,62250.0,62250.0,82170.0,0.981,99674.0,104563.0,0.9781
1290.0,0.0252,0.1563,0.1622,15410.0,37930.0,28744.0,0.9093,65375.0,75106.0,0.7961
1386.0,0.0167,0.1247,0.1293,53889.0,53889.0,68494.0,0.8625,76415.0,79088.0,0.7943
896.0,0.248,0.5603,0.5676,17712.0,17712.0,39402.0,0.7285,40902.0,46164.0,0.4367
1420.0,0.0962,0.1469,0.1546,62200.0,62200.0,77900.0,0.8957,87173.0,93707.0,0.848
1507.0,0.0217,0.115,0.1193,62052.0,62052.0,81515.0,0.9658,94024.0,117512.0,0.9561
1164.0,0.0255,0.4052,0.408,31050.0,31050.0,48214.0,0.8817,62422.0,65488.0,0.7
1045.0,0.2749,0.3199,0.5357,12450.0,12450.0,19539.0,0.7391,40545.0,40140.0,0.5938
903.0,0.0402,0.7632,0.7632,14794.0,14794.0,29551.0,0.5136,37277.0,43725.0,0.3471
1126.0,0.0905,0.2515,0.2523,41550.0,41550.0,58188.0,0.7404,47561.0,55793.0,0.5209
960.0,0.1074,0.6443,0.6486,18614.0,18614.0,29073.0,0.4848,37151.0,43098.0,0.4857
1281.0,0.1548,0.3435,0.3449,6368.0,22467.0,22662.0,0.9299,55645.0,62032.0,0.7558
1237.0,0.059,0.17,0.2197,40564.0,40564.0,57754.0,0.818,75740.0,90898.0,0.6348
1077.0,0.0794,0.5547,0.5782,5785.0,17725.0,23985.0,0.8982,43206.0,48986.0,0.6041
1112.0,0.1781,0.3599,0.3776,4879.0,17324.0,20118.0,0.8088,55364.0,58694.0,0.6214
1168.0,0.0795,0.2984,0.3004,23760.0,23760.0,38585.0,0.6927,46471.0,53523.0,0.5717
1114.0,0.0206,0.2663,0.2663,18060.0,18060.0,32090.0,0.6968,37828.0,47868.0,0.6761
1213.0,0.0733,0.2031,0.2203,43670.0,43670.0,57630.0,0.7544,33700.0,82922.0,0.6702
1154.0,0.217,0.5288,0.6146,6565.0,18963.0,19666.0,0.9056,58553.0,63228.0,0.6918
1206.0,0.0754,0.2679,0.2744,40500.0,40500.0,55055.0,0.774,54895.0,62639.0,0.6812
1309.0,0.0354,0.2824,0.2843,5656.0,18786.0,23308.0,0.9393,58378.0,66580.0,0.8479
1397.0,0.032,0.2213,0.2267,6381.0,28659.0,21359.0,0.9657,68870.0,76475.0,0.9001
1165.0,0.1614,0.096,0.0967,43670.0,43670.0,58927.0,0.6349,54936.0,78746.0,0.5313
1409.0,0.0404,0.1607,0.1629,57194.0,57194.0,73776.0,0.921,73938.0,78315.0,0.8411
1104.0,0.1462,0.3049,0.3116,6389.0,20793.0,18984.0,0.8009,55098.0,57185.0,0.6767
1164.0,0.0964,0.3896,0.3931,36300.0,36300.0,53370.0,0.7759,53583.0,66184.0,0.6198
1126.0,0.1089,0.2531,0.3156,35900.0,35900.0,52625.0,0.761,45470.0,54442.0,0.5631
1102.0,0.527,0.4371,0.4563,27050.0,27050.0,40214.0,0.5445,40850.0,63609.0,0.4934
1235.0,0.1467,0.3155,0.327,6410.0,17324.0,21383.0,0.8957,55901.0,60491.0,0.7412
1205.0,0.0296,0.3564,0.3627,52320.0,52320.0,67631.0,0.675,50085.0,53437.0,0.6366
968.0,0.156,0.5384,0.5532,28044.0,28044.0,39677.0,0.4578,43189.0,47771.0,0.4045
1166.0,0.2766,0.3347,0.3513,6360.0,19241.0,18357.0,0.8507,47976.0,50768.0,0.5306
986.0,0.1083,0.3662,0.4204,3165.0,10071.0,13323.0,0.6285,30637.0,51150.0,0.3971
990.0,0.1097,0.3248,0.6695,22300.0,22300.0,34203.0,0.6923,32811.0,52017.0,0.2555
974.0,0.0307,0.6835,0.6863,24730.0,24730.0,39446.0,0.7076,39875.0,49458.0,0.462
1210.0,0.0023,0.2532,0.2535,39376.0,39376.0,54975.0,0.8313,46764.0,56152.0,0.6473
997.0,0.2364,0.3824,0.4495,3483.0,10389.0,18167.0,0.581,35905.0,49183.0,0.2292
1020.0,0.2385,0.4339,0.4647,5751.0,16805.0,20838.0,0.6526,42057.0,49076.0,0.434
1315.0,0.0092,0.203,0.2107,38860.0,38860.0,51713.0,0.768,48369.0,58429.0,0.7396
1493.0,0.0182,0.1878,0.1899,57948.0,57948.0,75594.0,0.9521,79774.0,82640.0,0.8999
871.0,0.0769,0.728,0.7371,5832.0,16572.0,20211.0,0.6731,34932.0,43153.0,0.4555
1480.0,0.0228,0.1332,0.1404,11764.0,32876.0,29148.0,0.9786,102952.0,102695.0,0.926
1075.0,0.2032,0.3867,0.4727,4980.0,15702.0,19915.0,0.5973,44106.0,55903.0,0.3621
1144.0,0.0115,0.1627,0.1656,8974.0,28154.0,28118.0,0.8015,51479.0,62157.0,0.6237
1057.0,0.1082,0.3709,0.3897,6485.0,17539.0,22652.0,0.7197,47989.0,58605.0,0.5274
1127.0,0.1489,0.5141,0.5246,8478.0,23709.0,27149.0,0.7826,43132.0,55982.0,0.549
1335.0,0.0214,0.1847,0.1856,11180.0,30220.0,27821.0,0.943,64451.0,71200.0,0.8811
952.0,0.1774,0.4534,0.5522,3475.0,10381.0,14627.0,0.5417,36047.0,44208.0,0.2267
983.0,0.1813,0.3974,0.4035,14406.0,14406.0,40129.0,0.6982,46555.0,43726.0,0.3125
1288.0,0.2491,0.3313,0.3484,39708.0,39708.0,55068.0,0.855,51412.0,72319.0,0.7351
1090.0,0.1088,0.433,0.433,29468.0,29468.0,48890.0,0.7981,48874.0,61225.0,0.5898
1207.0,0.0512,0.3714,0.3838,43990.0,43990.0,57647.0,0.7624,49724.0,63521.0,0.571
1108.0,0.2016,0.4215,0.4361,29190.0,29190.0,42631.0,0.6789,46371.0,54621.0,0.4835
1059.0,0.1336,0.3985,0.4488,22810.0,22810.0,33819.0,0.7175,38613.0,53917.0,0.3186
1010.0,0.4299,0.4312,0.4831,11080.0,11080.0,18420.0,0.3556,43132.0,65229.0,0.6703
1114.0,0.0582,0.2265,0.5019,22350.0,22350.0,33983.0,0.5964,32723.0,42911.0,0.4638
1077.0,0.0299,0.1121,0.3484,24440.0,24440.0,35484.0,0.6904,44294.0,52517.0,0.4633
1027.0,0.1405,0.5179,0.5387,6007.0,17062.0,20694.0,0.5906,46399.0,53154.0,0.4031
1026.0,0.1298,0.4388,0.489,5941.0,16996.0,23870.0,0.7331,47293.0,51608.0,0.4324
1020.0,0.2226,0.3945,0.4144,7838.0,20798.0,21526.0,0.6777,45671.0,55521.0,0.4246
1113.0,0.1462,0.2535,0.2587,12186.0,34218.0,22185.0,0.7883,56214.0,59186.0,0.6233
1173.0,0.1702,0.2127,0.3173,31940.0,31940.0,49353.0,0.5885,57268.0,59614.0,0.4499
1033.0,0.3979,0.3088,0.3504,7584.0,20544.0,15528.0,0.6885,49529.0,57330.0,0.3271
950.0,0.2472,0.573,0.573,9770.0,9770.0,25426.0,0.7222,29937.0,38474.0,0.4688
1129.0,0.0914,0.2482,0.311,8396.0,27632.0,22108.0,0.7378,49750.0,61528.0,0.611
1175.0,0.0143,0.2413,0.2413,34630.0,34630.0,47926.0,0.7577,46983.0,58819.0,0.5992
1139.0,0.2268,0.2691,0.3093,36298.0,36298.0,46897.0,0.7216,49145.0,59678.0,0.5817
1107.0,0.4321,0.2623,0.2669,4536.0,4536.0,12807.0,0.6792,56911.0,50499.0,0.5382
1087.0,0.1291,0.4409,0.445,27420.0,27420.0,38012.0,0.7271,55621.0,60563.0,0.5975
1208.0,0.0222,0.3011,0.3019,37800.0,37800.0,50881.0,0.8258,61256.0,70640.0,0.761
1532.0,0.0058,0.1294,0.1307,64260.0,64260.0,84126.0,0.9898,93923.0,91978.0,0.9558
1000.0,0.115,0.3109,0.4649,13101.0,15528.0,25334.0,0.7147,43619.0,57759.0,0.5464
1107.0,0.0961,0.3642,0.3805,40232.0,40232.0,51455.0,0.8038,58768.0,62178.0,0.6352
945.0,0.4588,0.5312,0.5353,10468.0,17980.0,20901.0,0.5585,52957.0,63445.0,0.2066
1003.0,0.1034,0.3831,0.4069,30548.0,30548.0,43239.0,0.7621,43229.0,53425.0,0.575
1232.0,0.0909,0.4956,0.5017,14046.0,28654.0,24375.0,0.7832,66641.0,71861.0,0.6162
1440.0,0.0134,0.2486,0.2551,15714.0,33686.0,31636.0,0.9332,76079.0,84774.0,0.8469
1263.0,0.0067,0.245,0.2461,53814.0,53814.0,66835.0,0.8245,66897.0,74936.0,0.7948
1076.0,0.0583,0.392,0.3989,36346.0,36346.0,46023.0,0.7258,46679.0,63270.0,0.6735
1328.0,0.0951,0.2932,0.3007,50640.0,50640.0,67233.0,0.8471,81196.0,85858.0,0.75
1111.0,0.0412,0.3034,0.3042,15170.0,27011.0,32151.0,0.8032,57177.0,64463.0,0.6698
1032.0,0.25,0.3294,0.3326,30910.0,30910.0,39201.0,0.6145,51293.0,61263.0,0.5311
1311.0,0.0216,0.2984,0.3026,53259.0,53259.0,63874.0,0.8185,53811.0,56285.0,0.7457
1281.0,0.0295,0.354,0.354,52902.0,52902.0,65637.0,0.851,61038.0,63037.0,0.7778
1133.0,0.1825,0.3153,0.3243,36530.0,36530.0,44513.0,0.8082,64981.0,66075.0,0.6231
1308.0,0.0691,0.224,0.2255,49498.0,49498.0,62997.0,0.8127,69658.0,72351.0,0.7087
1087.0,0.0762,0.3526,0.3717,26892.0,41632.0,40918.0,0.7017,49776.0,53163.0,0.5779
1141.0,0.0093,0.3272,0.3293,42214.0,42214.0,54707.0,0.7654,42092.0,54624.0,0.5684
1138.0,0.0362,0.2608,0.2631,43046.0,43046.0,54661.0,0.7695,54299.0,61877.0,0.6333
1120.0,0.0979,0.4416,0.4416,34020.0,34020.0,41988.0,0.7091,55604.0,60008.0,0.55
1526.0,0.0326,0.1825,0.1858,63468.0,63468.0,83803.0,0.9779,79700.0,91835.0,0.9652
980.0,0.1966,0.4912,0.4937,35050.0,35050.0,45985.0,0.6386,51185.0,61534.0,0.4014
973.0,0.2229,0.4807,0.4878,33068.0,33068.0,46360.0,0.6028,42650.0,58245.0,0.4257
1012.0,0.1008,0.4818,0.4972,36500.0,36500.0,43574.0,0.7484,57626.0,66663.0,0.587
1166.0,0.2252,0.3753,0.3884,36000.0,36000.0,43760.0,0.7129,58807.0,69023.0,0.6495
1125.0,0.344,0.3592,0.3683,12077.0,21842.0,24287.0,0.7577,55090.0,61737.0,0.5322
1068.0,0.1966,0.3598,0.3676,15416.0,15416.0,28970.0,0.7032,49479.0,58401.0,0.4934
1080.0,0.1417,0.3225,0.3245,12558.0,12558.0,24429.0,0.7051,51598.0,60885.0,0.5352
1088.0,0.1998,0.3246,0.3367,34325.0,34325.0,46996.0,0.7654,49957.0,59430.0,0.6875
1076.0,0.1431,0.3454,0.4105,33898.0,33898.0,46333.0,0.7143,43096.0,50106.0,0.4965
1367.0,0.0085,0.209,0.2126,42240.0,42240.0,54537.0,0.9024,53691.0,70697.0,0.8827
1090.0,0.0777,0.365,0.3724,34080.0,34080.0,48027.0,0.6901,43194.0,51531.0,0.5934
1191.0,0.0508,0.3356,0.3598,10440.0,27924.0,24478.0,0.7288,46288.0,55207.0,0.6387
1262.0,0.0095,0.1349,0.1395,44460.0,44460.0,62673.0,0.8867,65845.0,77859.0,0.8078
1275.0,0.0023,0.1636,0.1651,55410.0,55410.0,70394.0,0.924,60930.0,76984.0,0.7925
1261.0,0.0061,0.2492,0.2511,50058.0,50058.0,62999.0,0.7953,44647.0,50665.0,0.7465
1180.0,0.0585,0.211,0.2439,41336.0,41336.0,52798.0,0.8012,45351.0,61782.0,0.6499
1096.0,0.0145,0.3915,0.4,36136.0,36136.0,49403.0,0.7233,50040.0,59663.0,0.6298
1132.0,0.1041,0.3151,0.3255,36660.0,36660.0,47366.0,0.8033,50953.0,52378.0,0.6378
1103.0,0.0688,0.3016,0.3378,29048.0,29048.0,39454.0,0.7864,41717.0,48088.0,0.6633
1214.0,0.004,0.2558,0.2759,41559.0,41559.0,55210.0,0.779,47925.0,61954.0,0.6916
1320.0,0.0556,0.2735,0.2735,34800.0,34800.0,47029.0,0.713,44850.0,60353.0,0.3256
1100.0,0.0893,0.3482,0.3892,28830.0,28830.0,40132.0,0.8193,45447.0,49677.0,0.7056
1101.0,0.1205,0.262,0.3565,8985.0,21573.0,19050.0,0.6272,41402.0,50641.0,0.3569
1157.0,0.1728,0.3592,0.3686,10144.0,32582.0,21624.0,0.7085,52687.0,59759.0,0.5634
1139.0,0.0903,0.2288,0.298,10210.0,22255.0,20435.0,0.6989,42817.0,51191.0,0.5106
1105.0,0.1615,0.345,0.3721,7941.0,21301.0,13332.0,0.6388,45559.0,55835.0,0.416
1064.0,0.2147,0.4116,0.4197,7941.0,21301.0,15251.0,0.6604,42099.0,49734.0,0.3616
1322.0,0.0174,0.1745,0.1758,11447.0,39120.0,27131.0,0.8986,51816.0,71031.0,0.8113
1068.0,0.2416,0.4316,0.4495,7941.0,21301.0,13597.0,0.6791,38084.0,50701.0,0.3732
1124.0,0.2322,0.3404,0.349,7941.0,21301.0,14752.0,0.6052,43960.0,51986.0,0.3456
1092.0,0.4053,0.3589,0.3926,7941.0,21301.0,15899.0,0.6388,40444.0,50587.0,0.4249
1120.0,0.0256,0.2594,0.2817,29684.0,29684.0,41692.0,0.7823,46559.0,74060.0,0.6667
1515.0,0.0011,0.1152,0.1155,60301.0,60301.0,78347.0,0.9738,99391.0,102205.0,0.9633
1010.0,0.0648,0.2822,0.3648,26400.0,26400.0,40024.0,0.7114,38439.0,51120.0,0.5349
1398.0,0.0034,0.1225,0.1228,54602.0,54602.0,72651.0,0.9167,101261.0,102046.0,0.8085
1050.0,0.1912,0.4403,0.4408,34050.0,34050.0,43022.0,0.6812,53677.0,56894.0,0.5575
1021.0,0.3203,0.5435,0.5497,32700.0,32700.0,43905.0,0.6703,40486.0,51053.0,0.519
1259.0,0.0086,0.2685,0.2738,49930.0,49930.0,63986.0,0.8347,56140.0,61110.0,0.7488
1230.0,0.0012,0.2381,0.2381,47475.0,47475.0,60150.0,0.8804,59806.0,75833.0,0.7535
1115.0,0.3141,0.4442,0.4607,38644.0,38644.0,51406.0,0.7585,43919.0,56046.0,0.5792
1117.0,0.0079,0.2248,0.2306,19800.0,19800.0,34302.0,0.7375,51492.0,57053.0,0.7143
1055.0,0.0363,0.3863,0.3863,38060.0,38060.0,51322.0,0.6667,53090.0,56513.0,0.5759
1253.0,0.0086,0.2831,0.2842,49158.0,49158.0,62571.0,0.7951,47245.0,53984.0,0.6341
1182.0,0.0111,0.1824,0.1984,34600.0,34600.0,49104.0,0.8042,46138.0,57600.0,0.6701
1304.0,0.0407,0.1923,0.1953,47912.0,47912.0,60642.0,0.8287,62312.0,76611.0,0.764
1090.0,0.0881,0.3834,0.3895,19800.0,19800.0,30059.0,0.7021,36460.0,52914.0,0.8154
1090.0,0.0547,0.3724,0.4831,18740.0,18740.0,29489.0,0.88,46692.0,47221.0,0.5484
1480.0,0.0017,0.1739,0.1774,61480.0,61480.0,75698.0,0.9321,60908.0,64420.0,0.8838
1197.0,0.0399,0.1915,0.1935,10133.0,26617.0,21932.0,0.857,58795.0,67621.0,0.7445
1003.0,0.0907,0.5026,0.5341,34700.0,34700.0,46894.0,0.5447,42271.0,58793.0,0.297
1222.0,0.0583,0.1868,0.1904,10353.0,32316.0,26358.0,0.8864,55748.0,70872.0,0.7369
1241.0,0.004,0.176,0.1773,48160.0,48160.0,61175.0,0.8115,49580.0,62852.0,0.7423
1121.0,0.0729,0.2601,0.265,9411.0,20565.0,20969.0,0.8257,52950.0,56719.0,0.6384
1153.0,0.0835,0.2657,0.2667,34570.0,34570.0,48547.0,0.7907,51584.0,64498.0,0.6402
1410.0,0.1024,0.3575,0.3575,45108.0,45108.0,57690.0,0.7832,59287.0,60188.0,0.6667
1065.0,0.6462,0.3438,0.3718,33639.0,33639.0,48044.0,0.5682,44944.0,65763.0,0.4206
1113.0,0.0079,0.2289,0.2306,49190.0,49190.0,59828.0,0.7046,50651.0,59645.0,0.6719
971.0,0.1871,0.4663,0.4806,27800.0,27800.0,39936.0,0.6238,40488.0,58111.0,0.2987
1050.0,0.1632,0.226,0.2894,32320.0,32320.0,47258.0,0.7972,55954.0,70343.0,0.479
1220.0,0.0195,0.1585,0.1683,33720.0,33720.0,51009.0,0.7678,53294.0,52300.0,0.6764
1010.0,0.0231,0.4437,0.4732,31305.0,31305.0,50636.0,0.4727,48092.0,49797.0,0.2947
1082.0,0.0351,0.3306,0.3306,32090.0,32090.0,46600.0,0.75,42842.0,56559.0,0.5248
1112.0,0.1602,0.3555,0.4308,31812.0,31812.0,43844.0,0.6192,42772.0,58157.0,0.454
1192.0,0.0796,0.1944,0.2021,11167.0,28035.0,24888.0,0.8469,57567.0,65256.0,0.6728
1090.0,0.1299,0.3842,0.3953,17914.0,17914.0,32545.0,0.5714,48125.0,51225.0,0.5333
1048.0,0.2092,0.3126,0.3631,34832.0,34832.0,51534.0,0.6316,53046.0,69327.0,0.419
993.0,0.0788,0.3931,0.3931,33380.0,33380.0,50165.0,0.5681,46525.0,66397.0,0.2849
1090.0,0.1033,0.2954,0.3138,7970.0,19654.0,19841.0,0.7491,44319.0,56699.0,0.5553
1026.0,0.4613,0.3823,0.3886,36650.0,36650.0,51374.0,0.4901,52465.0,55958.0,0.3846
1076.0,0.1224,0.3557,0.4073,30000.0,30000.0,42886.0,0.5922,43661.0,53377.0,0.3672
1118.0,0.2262,0.3007,0.3476,8866.0,18226.0,20964.0,0.6602,47493.0,54258.0,0.5159
980.0,0.0212,0.571,0.5983,14250.0,14250.0,27810.0,0.5468,38502.0,45013.0,0.4048
1191.0,0.0631,0.2376,0.2431,46030.0,46030.0,58078.0,0.8105,63066.0,64668.0,0.5972
1366.0,0.0008,0.2167,0.2175,48070.0,48070.0,60700.0,0.8886,55707.0,73526.0,0.8675
1049.0,0.3578,0.4885,0.5488,9875.0,9875.0,24278.0,0.7012,39961.0,48629.0,0.4425
1051.0,1.0,0.3815,0.4054,9844.0,20222.0,21228.0,0.7698,40640.0,54004.0,0.4924
1053.0,0.0752,0.4476,0.4618,31300.0,31300.0,41058.0,0.5707,43197.0,56461.0,0.4845
1189.0,0.0658,0.2118,0.2172,12859.0,32276.0,30635.0,0.8454,53037.0,64887.0,0.6877
959.0,0.0415,0.4,0.469,23700.0,23700.0,37121.0,0.462,38160.0,49207.0,0.3072
1153.0,0.1444,0.2914,0.3298,12520.0,28866.0,29595.0,0.7827,49052.0,58573.0,0.6216
1113.0,0.2718,0.4869,0.4923,25050.0,25050.0,40723.0,0.7354,38238.0,58944.0,0.4341
1109.0,0.0959,0.3149,0.3534,9432.0,18888.0,21641.0,0.7744,40053.0,52623.0,0.5846
1123.0,0.1763,0.2609,0.3146,10592.0,20848.0,18899.0,0.7747,45945.0,54238.0,0.5005
1013.0,0.2641,0.3843,0.4305,27300.0,27300.0,42917.0,0.7087,42741.0,62212.0,0.4467
1250.0,0.0041,0.2588,0.2588,43670.0,43670.0,57015.0,0.7825,44956.0,61827.0,0.6901
980.0,0.1407,0.4987,0.4987,30946.0,30946.0,41450.0,0.5926,39183.0,48715.0,0.3308
1188.0,0.0096,0.369,0.369,38820.0,38820.0,57199.0,0.6412,42092.0,62156.0,0.6
1082.0,0.079,0.6764,0.6775,20224.0,20224.0,33520.0,0.7055,37522.0,47595.0,0.4803
938.0,0.1405,0.7487,0.7487,7683.0,16706.0,24264.0,0.7177,38731.0,47927.0,0.3688
1019.0,0.3872,0.3697,0.4391,7050.0,14650.0,14892.0,0.6667,37156.0,50389.0,0.3147
1221.0,0.0411,0.2482,0.2747,11954.0,28631.0,33322.0,0.8357,56994.0,65105.0,0.6985
1091.0,0.2874,0.3738,0.4217,7327.0,20481.0,18196.0,0.651,44168.0,50371.0,0.3254
1085.0,0.0709,0.4171,0.4603,19720.0,19720.0,28160.0,0.5538,47089.0,57267.0,0.3629
1190.0,0.0368,0.2004,0.2588,10065.0,16806.0,23390.0,0.8094,47366.0,60474.0,0.5986
1089.0,0.1376,0.3094,0.3485,8440.0,9940.0,20355.0,0.6854,41062.0,52605.0,0.4648
1088.0,0.1991,0.3891,0.4497,9172.0,14008.0,22232.0,0.6053,46627.0,47745.0,0.3824
1088.0,0.1345,0.3501,0.3762,8156.0,9249.0,20961.0,0.7492,42555.0,48407.0,0.4557
1132.0,0.129,0.3479,0.4355,9082.0,21182.0,22653.0,0.7272,43505.0,54901.0,0.5075
1089.0,0.2466,0.3674,0.4682,8672.0,19460.0,23950.0,0.6115,43900.0,53037.0,0.4636
1120.0,0.3654,0.3107,0.3305,15012.0,15012.0,25871.0,0.8169,57760.0,61544.0,0.4286
940.0,0.0993,0.6337,0.712,9940.0,17198.0,24483.0,0.5932,40191.0,56879.0,0.3035
1443.0,0.0466,0.0916,0.0944,62844.0,62844.0,80932.0,0.9314,49826.0,77172.0,0.8744
1103.0,0.0156,0.5169,0.5228,26863.0,26863.0,38603.0,0.6819,47748.0,58212.0,0.5053
1501.0,0.0044,0.1406,0.1406,63520.0,63520.0,78665.0,0.928,72664.0,90937.0,0.8804
1202.0,0.0911,0.2427,0.2675,12136.0,33736.0,25586.0,0.7509,42405.0,54147.0,0.5527
1109.0,0.2164,0.2799,0.3571,10120.0,24736.0,21010.0,0.6736,45493.0,59383.0,0.4172
980.0,0.5832,0.4349,0.4421,9506.0,22956.0,25573.0,0.6,54101.0,71957.0,0.3333
910.0,0.1671,0.5041,0.5137,8748.0,19470.0,23671.0,0.7252,51763.0,60535.0,0.4019
1258.0,0.0227,0.2933,0.2972,49220.0,49220.0,65729.0,0.7719,51694.0,50435.0,0.5831
1295.0,0.125,0.2968,0.2992,12606.0,29370.0,27183.0,0.859,67391.0,72584.0,0.7034
1461.0,0.0553,0.1833,0.1866,11233.0,39469.0,26781.0,0.948,80964.0,84850.0,0.8927
971.0,0.111,0.5435,0.544,8008.0,18479.0,24726.0,0.7356,49948.0,52662.0,0.4559
1261.0,0.0369,0.2008,0.2024,15184.0,31260.0,30421.0,0.8241,57794.0,61162.0,0.7066
1378.0,0.0338,0.1903,0.1903,37260.0,37260.0,51458.0,0.7929,39402.0,52908.0,0.7717
1138.0,0.1091,0.325,0.3267,10818.0,26820.0,25928.0,0.8173,59959.0,67171.0,0.6976
1513.0,0.0142,0.2363,0.2363,64100.0,64100.0,80060.0,0.9533,72762.0,79098.0,0.9193
1434.0,0.0023,0.1498,0.1524,54944.0,54944.0,76360.0,0.9492,101354.0,135315.0,0.9267
1346.0,0.0065,0.1329,0.1343,56500.0,56500.0,74902.0,0.9078,118773.0,125241.0,0.8798
1500.0,0.0165,0.1267,0.1275,64176.0,64176.0,80560.0,0.9491,99351.0,105625.0,0.9092
1454.0,0.0307,0.1721,0.1793,62360.0,62360.0,79463.0,0.9397,82963.0,84188.0,0.8896
1473.0,0.0036,0.1571,0.1577,62322.0,62322.0,79342.0,0.9159,74275.0,79861.0,0.8734
1110.0,0.1459,0.3146,0.3234,11051.0,17191.0,24818.0,0.7506,54795.0,58342.0,0.5606
1373.0,0.0139,0.2133,0.2144,52352.0,52352.0,61716.0,0.8752,64128.0,67133.0,0.7616
1035.0,0.1199,0.3659,0.3666,27990.0,27990.0,39617.0,0.6701,51463.0,63979.0,0.494
1373.0,0.0143,0.1511,0.1512,53232.0,53232.0,75777.0,0.8771,53927.0,63658.0,0.7716
1124.0,0.2087,0.329,0.3478,10921.0,17001.0,22864.0,0.7209,50129.0,58958.0,0.5639
1105.0,0.1419,0.357,0.3779,11380.0,17460.0,26377.0,0.7096,47938.0,50807.0,0.5461
1553.0,0.1923,0.1341,0.1619,57261.0,57261.0,81292.0,0.9769,91660.0,118083.0,0.9777
1361.0,0.0003,0.1585,0.1597,58360.0,58360.0,74286.0,0.9475,70606.0,101085.0,0.9111
1149.0,0.03,0.3182,0.3199,42630.0,42630.0,61057.0,0.769,39313.0,54022.0,0.6087
1255.0,0.2027,0.276,0.2834,16182.0,34550.0,27701.0,0.8392,53430.0,76381.0,0.7111
1376.0,0.0639,0.208,0.2105,16952.0,38171.0,32355.0,0.9035,69151.0,74369.0,0.8305
1198.0,0.1882,0.4248,0.4362,15132.0,36105.0,28946.0,0.7248,64423.0,64007.0,0.5101
1232.0,0.2028,0.277,0.2773,37230.0,37230.0,56414.0,0.6981,118037.0,127718.0,0.6146
1432.0,0.0302,0.2068,0.2073,58498.0,58498.0,75051.0,0.903,59391.0,56778.0,0.8257
1505.0,0.0067,0.1253,0.1261,60192.0,60192.0,78153.0,0.972,79067.0,96778.0,0.9124
1297.0,0.0847,0.3021,0.3024,44350.0,44350.0,60828.0,0.8065,63151.0,62255.0,0.7445
1455.0,0.0304,0.1836,0.1836,58768.0,58768.0,78438.0,0.9083,63587.0,59826.0,0.8853
1216.0,0.0097,0.2239,0.2242,41694.0,41694.0,56240.0,0.8323,39639.0,61344.0,0.7301
1149.0,0.1612,0.3686,0.3827,14854.0,30992.0,29342.0,0.6664,66465.0,74444.0,0.5458
1204.0,0.0502,0.2666,0.2692,43332.0,43332.0,59927.0,0.7646,65610.0,73205.0,0.6036
1513.0,0.0099,0.1209,0.1218,65222.0,65222.0,81614.0,0.9605,72336.0,89245.0,0.9371
1500.0,0.0134,0.2247,0.2321,61920.0,61920.0,81090.0,0.9502,81855.0,86103.0,0.9017
1215.0,0.0664,0.2471,0.253,38760.0,38760.0,55835.0,0.8208,75423.0,83310.0,0.6876
1194.0,0.0304,0.2418,0.2422,44500.0,44500.0,54933.0,0.7791,71418.0,82257.0,0.6745
1346.0,0.0035,0.214,0.2158,60230.0,60230.0,74460.0,0.8065,66167.0,68842.0,0.7973
1135.0,0.1375,0.2933,0.3187,10786.0,16866.0,20795.0,0.746,53534.0,61888.0,0.5885
1050.0,0.0122,0.3087,0.3201,39596.0,39596.0,56391.0,0.6714,47238.0,61381.0,0.5061
1184.0,0.1097,0.2404,0.2523,32734.0,32734.0,42774.0,0.8208,44882.0,63943.0,0.7079
1100.0,0.0816,0.2399,0.2592,37280.0,37280.0,47228.0,0.7721,41999.0,55527.0,0.6115
1263.0,0.0437,0.1551,0.1606,38620.0,38620.0,52094.0,0.8638,57852.0,62359.0,0.7696
1104.0,0.126,0.3095,0.3121,13650.0,13650.0,26077.0,0.7182,50264.0,60067.0,0.6172
1050.0,0.0671,0.2469,0.2757,32982.0,32982.0,47701.0,0.6814,45988.0,64503.0,0.5176
1090.0,0.0852,0.2722,0.3338,31058.0,31058.0,39217.0,0.8453,63640.0,81050.0,0.7294
1056.0,0.2258,0.3733,0.385,16410.0,16410.0,26085.0,0.6588,47724.0,55710.0,0.4542
1032.0,0.1791,0.343,0.36,13076.0,13076.0,25135.0,0.7719,47260.0,61281.0,0.4936
1266.0,0.0277,0.1801,0.1825,44380.0,44380.0,58080.0,0.8721,84938.0,99499.0,0.6934
1213.0,0.0118,0.164,0.1682,38370.0,38370.0,49892.0,0.8921,56732.0,61929.0,0.8028
1264.0,0.0056,0.2395,0.2395,56562.0,56562.0,68832.0,0.8639,67501.0,66827.0,0.7977
1097.0,0.1038,0.3019,0.3434,13728.0,13728.0,25607.0,0.7244,41601.0,56031.0,0.5106
1273.0,0.0219,0.2164,0.2173,15372.0,41958.0,29204.0,0.8905,60132.0,72723.0,0.8157
1245.0,0.0299,0.1923,0.1949,17614.0,39574.0,31297.0,0.8502,67391.0,85147.0,0.6776
1156.0,0.157,0.4135,0.4244,14320.0,29584.0,22327.0,0.8184,55823.0,65414.0,0.56
1071.0,0.3025,0.358,0.4087,13242.0,25506.0,23278.0,0.7664,47241.0,62069.0,0.4645
1140.0,0.1597,0.3022,0.3074,14476.0,23730.0,23669.0,0.7517,57096.0,61272.0,0.5764
1073.0,0.1137,0.3395,0.3461,11565.0,27164.0,22866.0,0.724,46830.0,57609.0,0.4996
1147.0,0.1605,0.4398,0.448,14675.0,31364.0,25942.0,0.837,49271.0,60405.0,0.6031
1105.0,0.101,0.2597,0.2652,14623.0,18254.0,27150.0,0.7652,46942.0,58656.0,0.5507
1090.0,0.2654,0.282,0.3116,10130.0,10130.0,21940.0,0.7124,47115.0,58494.0,0.4994
1190.0,0.1097,0.2023,0.236,41270.0,41270.0,54444.0,0.8263,56370.0,67555.0,0.7469
1486.0,0.0024,0.1399,0.1424,62634.0,62634.0,78315.0,0.955,69584.0,78829.0,0.9065
1220.0,0.0096,0.1965,0.1987,28916.0,28916.0,40870.0,0.8372,56936.0,60288.0,0.6943
1194.0,0.1635,0.234,0.2527,17420.0,17420.0,28613.0,0.8609,50759.0,48931.0,0.7436
1320.0,0.0036,0.2421,0.2425,53030.0,53030.0,63088.0,0.8603,53007.0,71248.0,0.7579
1152.0,0.0457,0.3957,0.4024,46616.0,46616.0,55979.0,0.7495,56370.0,65325.0,0.6905
1430.0,0.0009,0.1836,0.1843,62500.0,62500.0,76357.0,0.9118,66615.0,64348.0,0.8792
1090.0,0.1152,0.2231,0.2447,9444.0,18814.0,21824.0,0.7607,53431.0,60479.0,0.5258
1355.0,0.0655,0.1755,0.2067,15859.0,35099.0,27446.0,0.9016,63838.0,72671.0,0.8436
1220.0,0.0322,0.1898,0.2119,14126.0,19516.0,25901.0,0.7724,58423.0,65597.0,0.6223
1090.0,0.185,0.2771,0.2946,10236.0,19072.0,23306.0,0.7162,50440.0,53011.0,0.5544
1186.0,0.0045,0.2075,0.2085,52108.0,52108.0,64561.0,0.8895,55566.0,66692.0,0.7833
1093.0,0.1476,0.2298,0.3393,10117.0,20001.0,20529.0,0.6909,51016.0,59464.0,0.4437
1144.0,0.0059,0.2022,0.2033,52164.0,52164.0,64251.0,0.8561,70690.0,79918.0,0.757
1377.0,0.0044,0.2001,0.2021,54650.0,54650.0,66570.0,0.9007,60432.0,69022.0,0.8479
1220.0,0.2407,0.2389,0.2462,39410.0,39410.0,52561.0,0.7881,60576.0,69696.0,0.6719
1290.0,0.0286,0.1841,0.1849,50366.0,50366.0,62028.0,0.8562,69948.0,75608.0,0.796
1127.0,0.3164,0.3764,0.3822,47870.0,47870.0,56312.0,0.8322,55521.0,64832.0,0.6388
1121.0,0.1023,0.2484,0.2545,10492.0,17224.0,22640.0,0.7604,57704.0,60797.0,0.6047
1019.0,0.1157,0.7172,0.7341,8549.0,8549.0,24062.0,0.8059,33201.0,52246.0,0.4733
1059.0,0.4498,0.441,0.4632,28375.0,28375.0,36866.0,0.672,41796.0,55594.0,0.4558
1089.0,0.0647,0.2818,0.4341,19280.0,19280.0,29461.0,0.6454,39212.0,44220.0,0.3945
1055.0,0.1362,0.4008,0.4767,8605.0,8605.0,21506.0,0.64,37208.0,52342.0,0.4636
1022.0,0.2324,0.6509,0.654,8445.0,9445.0,24120.0,0.7742,37362.0,45251.0,0.3482
1223.0,0.0158,0.3443,0.3443,43815.0,43815.0,59877.0,0.8333,49308.0,58371.0,0.5675
1199.0,0.0565,0.2409,0.2423,9220.0,26440.0,26788.0,0.893,44218.0,63211.0,0.6779
1050.0,0.2231,0.4252,0.5049,7866.0,7866.0,21008.0,0.7333,40765.0,66562.0,0.3702
870.0,0.1453,0.5228,0.6829,7414.0,7414.0,21606.0,0.6213,30239.0,46180.0,0.2577
1190.0,0.0896,0.2763,0.3107,21098.0,21098.0,37689.0,0.7737,41268.0,54725.0,0.6228
1215.0,0.0821,0.2977,0.2993,9398.0,25444.0,26353.0,0.8055,44732.0,59010.0,0.631
1150.0,0.187,0.4662,0.4704,9450.0,11450.0,24425.0,0.6963,40043.0,50839.0,0.5168
1188.0,0.2511,0.2889,0.4918,14685.0,14685.0,28491.0,0.7852,39254.0,51038.0,0.4167
1090.0,0.1885,0.5068,0.5068,22390.0,22390.0,31540.0,0.788,47790.0,62880.0,0.5099
1045.0,0.0323,0.3881,0.3881,27140.0,27140.0,42845.0,0.6726,44021.0,61633.0,0.5187
1120.0,0.0341,0.3641,0.381,29195.0,29195.0,42218.0,0.6488,45815.0,49736.0,0.4831
1221.0,0.0349,0.287,0.2881,33830.0,33830.0,45553.0,0.7813,33971.0,58773.0,0.6359
1042.0,0.2006,0.3023,0.3775,25600.0,25600.0,37045.0,0.5784,42960.0,48487.0,0.3867
1177.0,0.2165,0.2916,0.2929,19300.0,19300.0,32719.0,0.7719,47093.0,57046.0,0.5423
1147.0,0.0814,0.1367,0.3669,33316.0,33316.0,43860.0,0.6681,42456.0,55481.0,0.4071
1089.0,0.1951,0.3837,0.4534,8026.0,16052.0,16972.0,0.6205,39966.0,45385.0,0.3561
1000.0,0.0712,0.309,0.371,22450.0,22450.0,35869.0,0.4077,38137.0,51095.0,0.2294
1249.0,0.0411,0.2086,0.214,11981.0,31970.0,28417.0,0.8859,59124.0,66668.0,0.753
1231.0,0.1229,0.2403,0.3802,11287.0,27760.0,23450.0,0.7713,55467.0,65072.0,0.5538
1320.0,0.0423,0.2107,0.2117,11365.0,29809.0,24736.0,0.8598,79065.0,84817.0,0.6167
1146.0,0.1738,0.1849,0.3993,11693.0,29960.0,24160.0,0.75,48839.0,57246.0,0.5158
1246.0,0.0147,0.1607,0.1884,9014.0,17036.0,22335.0,0.8073,55405.0,58538.0,0.7102
1089.0,0.0597,0.2838,0.3164,9502.0,15569.0,21375.0,0.7956,42541.0,53084.0,0.5394
1220.0,0.1091,0.2075,0.2892,41701.0,41701.0,54739.0,0.7643,59664.0,71962.0,0.7711
1340.0,0.0889,0.1804,0.2168,50644.0,50644.0,65627.0,0.8662,57224.0,77611.0,0.8123
1161.0,0.0118,0.3294,0.3294,31280.0,31280.0,52232.0,0.7013,131906.0,138841.0,0.7333
1081.0,0.1718,0.3713,0.4588,27038.0,27038.0,36941.0,0.6691,38004.0,52791.0,0.4313
1124.0,0.1565,0.4383,0.4427,25586.0,25586.0,41891.0,0.6263,34339.0,54360.0,0.4563
1147.0,0.0896,0.2242,0.2969,8604.0,17144.0,23168.0,0.7589,44943.0,54682.0,0.5822
1525.0,0.0708,0.1491,0.1553,60590.0,60590.0,81620.0,0.9599,74228.0,88237.0,0.9369
1153.0,0.2455,0.2877,0.2901,29840.0,29840.0,44148.0,0.7872,49298.0,50007.0,0.5866
1049.0,0.0214,0.4343,0.4349,33144.0,33144.0,48486.0,0.6449,41887.0,58952.0,0.6356
1146.0,0.0796,0.2644,0.2644,19610.0,19610.0,33470.0,0.7477,55558.0,62519.0,0.6224
1108.0,0.0592,0.1949,0.1962,39028.0,39028.0,52132.0,0.7821,57368.0,62619.0,0.7012
1010.0,0.4361,0.3008,0.3008,27606.0,27606.0,41079.0,0.6667,42834.0,57133.0,0.4105
1131.0,0.1547,0.2205,0.2215,7580.0,23210.0,21971.0,0.7196,42812.0,72282.0,0.5659
1158.0,0.0992,0.1814,0.1854,7727.0,29604.0,22506.0,0.7521,49569.0,58227.0,0.5682
1054.0,0.0661,0.3048,0.3086,32252.0,32252.0,42532.0,0.6575,50524.0,56373.0,0.4583
1116.0,0.0059,0.1169,0.2502,37720.0,37720.0,49230.0,0.7166,48505.0,55648.0,0.5906
1344.0,0.0415,0.0685,0.0689,45590.0,45590.0,59663.0,0.9183,71816.0,76145.0,0.7847
1119.0,0.1312,0.3463,0.3574,7984.0,13786.0,23925.0,0.7429,46799.0,54801.0,0.5412
1087.0,0.0535,0.2912,0.3225,38300.0,38300.0,49366.0,0.6891,50190.0,55173.0,0.4375
1120.0,0.195,0.3111,0.3159,8136.0,21718.0,19830.0,0.7373,50287.0,57726.0,0.4919
1201.0,0.0703,0.2808,0.2841,39868.0,39868.0,51208.0,0.7531,51487.0,61186.0,0.5905
1192.0,0.0473,0.2229,0.2241,9872.0,26984.0,24612.0,0.815,51022.0,62075.0,0.6494
1082.0,0.1328,0.3285,0.3814,27170.0,27170.0,38874.0,0.6792,51989.0,57778.0,0.5613
1021.0,0.069,0.4543,0.4554,20900.0,20900.0,31500.0,0.6455,37141.0,45647.0,0.433
1539.0,0.0068,0.1596,0.1604,62658.0,62658.0,81501.0,0.9803,90649.0,114226.0,0.9471
1217.0,0.0218,0.1862,0.1881,19024.0,37934.0,34090.0,0.8575,65012.0,69223.0,0.7788
1218.0,0.0041,0.1131,0.1132,45340.0,45340.0,63187.0,0.8938,54883.0,76537.0,0.853
1037.0,0.2721,0.5043,0.5297,36410.0,36410.0,48466.0,0.6984,47400.0,80864.0,0.5158
1115.0,0.1371,0.3176,0.3896,35516.0,35516.0,47556.0,0.7222,46600.0,57228.0,0.5385
1197.0,0.1056,0.3136,0.3177,14952.0,24345.0,32251.0,0.8459,53739.0,63504.0,0.6815
1016.0,0.2111,0.4738,0.4867,12972.0,20364.0,24102.0,0.7443,53107.0,60814.0,0.5127
1203.0,0.0319,0.3002,0.3019,43216.0,43216.0,58567.0,0.7925,64337.0,70546.0,0.6817
1325.0,0.1361,0.3763,0.4126,18512.0,34972.0,31357.0,0.8899,85967.0,83639.0,0.7371
1546.0,0.0083,0.1941,0.1973,57410.0,57410.0,78490.0,0.9705,109822.0,112815.0,0.9732
1214.0,0.103,0.2643,0.2799,15363.0,25373.0,28769.0,0.8376,58795.0,72018.0,0.6953
1214.0,0.0667,0.3375,0.3478,37200.0,37200.0,52777.0,0.7685,58460.0,63559.0,0.6655
1168.0,0.2564,0.4808,0.4919,16112.0,33812.0,29550.0,0.7856,68387.0,78840.0,0.6478
1374.0,0.0582,0.2809,0.2835,16263.0,33963.0,31851.0,0.9157,68387.0,78840.0,0.8446
1317.0,0.0236,0.2804,0.289,48960.0,48960.0,62783.0,0.8316,64125.0,75821.0,0.7169
1455.0,0.0047,0.1964,0.1969,58624.0,58624.0,73570.0,0.9301,106841.0,109114.0,0.8786
1150.0,0.1173,0.4036,0.4052,15188.0,22922.0,30214.0,0.7775,52205.0,61877.0,0.7608
1283.0,0.018,0.1936,0.1967,17978.0,30772.0,34878.0,0.9023,67799.0,76228.0,0.8576
961.0,0.3355,0.3104,0.4077,6863.0,8843.0,17929.0,0.6235,34385.0,50457.0,0.4132
1090.0,0.2105,0.3638,0.3807,8076.0,26411.0,19556.0,0.7219,40010.0,55883.0,0.517
1031.0,0.1775,0.4146,0.436,7627.0,24751.0,20465.0,0.7247,34114.0,54845.0,0.509
1233.0,0.068,0.2921,0.2968,43800.0,43800.0,55566.0,0.8534,69427.0,77086.0,0.6746
1320.0,0.0541,0.2844,0.2879,38225.0,38225.0,50853.0,0.8957,143524.0,124045.0,0.6144
1211.0,0.0694,0.3717,0.3781,37644.0,37644.0,52337.0,0.7165,49982.0,61128.0,0.5348
1495.0,0.0016,0.1604,0.1618,62525.0,62525.0,79717.0,0.9618,90060.0,82002.0,0.9155
1200.0,0.0332,0.2872,0.2966,31800.0,31800.0,40718.0,0.7832,57738.0,63699.0,0.6616
1282.0,0.0081,0.209,0.2136,56258.0,56258.0,73867.0,0.8322,80061.0,96648.0,0.7252
1480.0,0.0009,0.128,0.1285,64290.0,64290.0,80160.0,0.9447,66613.0,102498.0,0.9125
1540.0,0.1351,0.2216,0.2216,66139.0,66139.0,82617.0,0.9792,94155.0,114640.0,0.9525
1527.0,0.009,0.1765,0.1771,63200.0,63200.0,80278.0,0.9666,94995.0,108924.0,0.9529
1132.0,0.2292,0.3804,0.3826,31170.0,31170.0,43808.0,0.8601,58559.0,83680.0,0.6569
1411.0,0.0413,0.205,0.2099,58467.0,58467.0,74795.0,0.877,76984.0,88624.0,0.8342
1500.0,0.0005,0.182,0.182,62670.0,62670.0,77000.0,0.9512,61428.0,86978.0,0.9237
1112.0,0.0095,0.35,0.3512,51309.0,51309.0,64262.0,0.6908,58777.0,66781.0,0.5274
1339.0,0.0018,0.2325,0.2355,61725.0,61725.0,78579.0,0.8661,70492.0,72875.0,0.7367
1285.0,0.0316,0.2312,0.233,53330.0,53330.0,65796.0,0.8312,63104.0,71195.0,0.6777
1200.0,0.073,0.3884,0.3976,16446.0,16446.0,27969.0,0.8056,49332.0,49939.0,0.6029
1122.0,0.0468,0.2722,0.3057,44328.0,44328.0,57113.0,0.7948,70132.0,76390.0,0.5658
1042.0,0.1841,0.4254,0.4258,36191.0,36191.0,52574.0,0.6348,49715.0,63202.0,0.5207
1226.0,0.077,0.3056,0.3184,37450.0,37450.0,50504.0,0.8557,55547.0,65174.0,0.7245
1219.0,0.1027,0.2022,0.3748,38868.0,38868.0,53506.0,0.7835,53736.0,67588.0,0.4764
1288.0,0.0281,0.1483,0.1603,44560.0,44560.0,62169.0,0.8601,70041.0,82525.0,0.8131
1205.0,0.1237,0.2955,0.3053,38718.0,38718.0,61863.0,0.627,46966.0,49808.0,0.5664
1124.0,0.2844,0.5004,0.5555,21358.0,21358.0,30568.0,0.7387,46298.0,64491.0,0.471
1202.0,0.175,0.2944,0.2999,36030.0,36030.0,47058.0,0.8507,76885.0,78923.0,0.6922
1130.0,0.1703,0.3023,0.3038,37940.0,37940.0,48858.0,0.7866,58841.0,71115.0,0.612
1098.0,0.1854,0.4476,0.4544,40980.0,40980.0,49939.0,0.6863,60702.0,82324.0,0.5711
1527.0,0.0361,0.1901,0.1916,58168.0,58168.0,76563.0,0.9467,84521.0,81124.0,0.8712
1143.0,0.1232,0.2743,0.2764,37180.0,37180.0,48664.0,0.791,52562.0,60885.0,0.7221
1263.0,0.0911,0.4359,0.4448,42000.0,42000.0,51737.0,0.7709,65138.0,75928.0,0.5463
1220.0,0.0718,0.2668,0.2818,50026.0,50026.0,66074.0,0.7159,66270.0,70032.0,0.6141
1317.0,0.045,0.1696,0.1713,57599.0,57599.0,72225.0,0.8878,52359.0,54586.0,0.7604
1457.0,0.0093,0.1831,0.1843,60074.0,60074.0,77763.0,0.888,99768.0,103924.0,0.838
1294.0,0.2281,0.3645,0.3809,36124.0,36124.0,47996.0,0.7402,48598.0,58753.0,0.6814
1370.0,0.0353,0.2659,0.2845,54518.0,54518.0,68666.0,0.8537,64805.0,86180.0,0.7227
1473.0,0.0562,0.1559,0.1596,61678.0,61678.0,79490.0,0.9236,76514.0,78774.0,0.8973
1165.0,0.0122,0.2517,0.2517,38770.0,38770.0,53720.0,0.7971,53233.0,61410.0,0.7298
1333.0,0.0036,0.2203,0.2223,62020.0,62020.0,77363.0,0.8472,65098.0,69721.0,0.8345
1110.0,0.0254,0.1894,0.334,36300.0,36300.0,52230.0,0.7124,57182.0,67000.0,0.5354
1358.0,0.0078,0.1151,0.1174,61234.0,61234.0,76703.0,0.7877,52555.0,49754.0,0.7162
1396.0,0.0037,0.1508,0.1513,62398.0,62398.0,79250.0,0.8759,66496.0,71495.0,0.8417
1177.0,0.1773,0.3415,0.3435,32370.0,32370.0,37394.0,0.8224,56108.0,65837.0,0.6879
1184.0,0.0466,0.2732,0.2733,37748.0,37748.0,50348.0,0.8289,62347.0,70676.0,0.72
1218.0,0.0122,0.2349,0.3608,47830.0,47830.0,58553.0,0.8162,64873.0,75028.0,0.6922
1041.0,0.0923,0.4247,0.428,8676.0,18586.0,25912.0,0.6877,40404.0,53379.0,0.4323
1081.0,0.1624,0.3488,0.3631,8576.0,18486.0,16521.0,0.8084,66126.0,73047.0,0.5417
1193.0,0.0611,0.4101,0.4133,10408.0,28248.0,27368.0,0.8284,61872.0,72537.0,0.6556
1426.0,0.0199,0.2701,0.2702,10363.0,28203.0,29143.0,0.9069,76210.0,85014.0,0.8279
1288.0,0.0589,0.3208,0.3233,10782.0,28702.0,27603.0,0.8352,64947.0,76434.0,0.7351
1410.0,0.0653,0.3712,0.3733,10560.0,28480.0,27617.0,0.8783,75907.0,72521.0,0.7782
1156.0,0.1444,0.3757,0.3785,8620.0,18530.0,24052.0,0.6646,50120.0,59333.0,0.628
1166.0,0.036,0.3902,0.3915,8767.0,18677.0,24650.0,0.728,50090.0,56702.0,0.6043
1272.0,0.019,0.2596,0.2604,8966.0,18876.0,26453.0,0.8611,67284.0,68058.0,0.7443
1254.0,0.0865,0.3374,0.3437,8524.0,18434.0,26233.0,0.8416,56233.0,60297.0,0.732
1174.0,0.0856,0.3959,0.3985,8769.0,18679.0,26135.0,0.7297,49855.0,62018.0,0.6396
1281.0,0.073,0.3527,0.3599,8953.0,18863.0,28021.0,0.7876,45590.0,44593.0,0.6694
1160.0,0.1231,0.3784,0.3817,8881.0,18791.0,26640.0,0.7251,53916.0,58969.0,0.6477
1211.0,0.0657,0.227,0.2273,8540.0,18450.0,28019.0,0.779,94987.0,100592.0,0.7282
1359.0,0.0301,0.1724,0.1755,60135.0,60135.0,77494.0,0.9072,79138.0,81021.0,0.8343
1396.0,0.0081,0.1312,0.1327,63954.0,63954.0,78611.0,0.8903,80921.0,96806.0,0.8464
1217.0,0.002,0.0775,0.0775,1008.0,1008.0,9380.0,0.7939,99831.0,86272.0,0.7717
1487.0,0.0103,0.2083,0.2096,64800.0,64800.0,80784.0,0.9379,70718.0,70232.0,0.9196
1298.0,0.055,0.1547,0.1551,46800.0,46800.0,72488.0,0.8557,42463.0,49832.0,0.7384
1187.0,0.0506,0.2708,0.2718,7450.0,23454.0,20735.0,0.8293,48332.0,55609.0,0.7516
1068.0,0.1002,0.2661,0.2812,18500.0,18500.0,32424.0,0.662,41277.0,58923.0,0.4693
1124.0,0.1217,0.3922,0.3922,32868.0,32868.0,46573.0,0.6515,44807.0,52752.0,0.5616
1052.0,0.0413,0.6853,0.6853,25880.0,25880.0,37910.0,0.6268,34232.0,50108.0,0.2548
1554.0,0.002,0.1222,0.1222,62688.0,62688.0,81138.0,0.9685,98934.0,100936.0,0.9663
1003.0,0.226,0.5603,0.6065,3356.0,7356.0,13312.0,0.7623,36896.0,45357.0,0.4208
915.0,0.3961,0.5069,0.565,3906.0,7906.0,16342.0,0.6971,38214.0,45289.0,0.4359
1114.0,0.2602,0.3974,0.3974,32200.0,32200.0,46349.0,0.6622,43017.0,56228.0,0.5248
1079.0,0.0906,0.3985,0.4634,41140.0,41140.0,54954.0,0.6559,43320.0,53818.0,0.4941
1220.0,0.0088,0.1151,0.116,41916.0,41916.0,58699.0,0.8286,46936.0,67737.0,0.6817
887.0,0.0719,0.8332,0.8332,18296.0,18296.0,28236.0,0.701,30915.0,34240.0,0.2553
1220.0,0.0392,0.3497,0.3497,42540.0,42540.0,52815.0,0.769,50329.0,52053.0,0.6777
1183.0,0.1875,0.3862,0.3862,38138.0,38138.0,53462.0,0.6225,44386.0,51002.0,0.408
1050.0,0.0923,0.5177,0.53,6733.0,20243.0,18518.0,0.7367,41554.0,50511.0,0.5668
1210.0,0.1673,0.3381,0.3544,7380.0,24728.0,21030.0,0.686,42925.0,46081.0,0.5867
1449.0,0.0252,0.2121,0.2135,8989.0,37550.0,24711.0,0.9598,65939.0,78185.0,0.9132
1162.0,0.1143,0.3513,0.3574,7214.0,21338.0,21908.0,0.8363,54280.0,60666.0,0.6996
1190.0,0.1854,0.479,0.4883,7498.0,22657.0,19229.0,0.7329,46451.0,49930.0,0.5799
976.0,0.1819,0.5723,0.6335,6599.0,19635.0,24744.0,0.7632,40451.0,47613.0,0.4424
1256.0,0.0299,0.2516,0.2524,9388.0,26622.0,23784.0,0.9327,27179.0,44099.0,0.8169
1370.0,0.0606,0.1888,0.2002,9128.0,30869.0,24852.0,0.9377,63457.0,75039.0,0.8463
1266.0,0.1781,0.251,0.2568,7238.0,21858.0,25332.0,0.8261,50846.0,60387.0,0.7428
1133.0,0.1739,0.3585,0.3994,33050.0,33050.0,48188.0,0.6016,41714.0,60392.0,0.4286
1050.0,0.0739,0.5363,0.5363,33290.0,33290.0,46678.0,0.6138,45348.0,61547.0,0.3464
1193.0,0.1215,0.2333,0.237,40830.0,40830.0,54425.0,0.7172,52456.0,65146.0,0.6859
1320.0,0.0484,0.3527,0.3552,38450.0,38450.0,54106.0,0.6933,35771.0,34875.0,0.4486
921.0,0.1572,0.6164,0.6359,6276.0,16932.0,22372.0,0.7684,41328.0,51896.0,0.4957
1127.0,0.2066,0.3348,0.3404,4453.0,8453.0,18731.0,0.7131,47821.0,49994.0,0.6059
1018.0,0.178,0.2326,0.2667,9118.0,11218.0,20098.0,0.5736,44426.0,54402.0,0.4444
1025.0,0.2306,0.2314,0.2651,8508.0,8508.0,17273.0,0.7045,47230.0,55813.0,0.4487
1120.0,0.0636,0.1905,0.1956,10992.0,15646.0,22936.0,0.7522,57837.0,66538.0,0.6317
1022.0,0.1819,0.1819,0.2941,8458.0,13422.0,19362.0,0.7066,43339.0,59126.0,0.4747
1151.0,0.3211,0.2616,0.3292,24140.0,24140.0,36822.0,0.7025,50289.0,56503.0,0.6023
1050.0,0.3861,0.3707,0.3825,19310.0,19310.0,26571.0,0.6667,65605.0,56411.0,0.8125
1161.0,0.0637,0.2919,0.2952,36850.0,36850.0,53687.0,0.8239,52006.0,56574.0,0.652
1116.0,0.0674,0.2283,0.2584,13639.0,22212.0,27721.0,0.7701,42035.0,53188.0,0.6142
1092.0,0.0722,0.2708,0.2768,40350.0,40350.0,53060.0,0.782,50176.0,57321.0,0.6108
1487.0,0.0124,0.1621,0.1648,61584.0,61584.0,73706.0,0.9289,83735.0,93210.0,0.8583
1250.0,0.0069,0.1658,0.1924,34698.0,34698.0,45051.0,0.8557,49400.0,57435.0,0.7503
1018.0,0.3641,0.3311,0.3311,16472.0,16472.0,27952.0,0.678,66554.0,73016.0,0.5342
1252.0,0.1025,0.1786,0.1966,13176.0,28540.0,27473.0,0.8621,43211.0,63899.0,0.7205
1190.0,0.0569,0.431,0.4355,46460.0,46460.0,61751.0,0.7971,34317.0,47333.0,0.7313
1020.0,0.193,0.3791,0.3885,12254.0,17469.0,25191.0,0.6865,47878.0,57525.0,0.4894
1284.0,0.0154,0.1496,0.151,46170.0,46170.0,62510.0,0.8768,66180.0,79033.0,0.8135
1020.0,0.0624,0.5113,0.5323,35328.0,35328.0,48202.0,0.5786,42336.0,54167.0,0.4191
1389.0,0.0047,0.1383,0.1388,60000.0,60000.0,73725.0,0.9037,57409.0,68442.0,0.8457
1264.0,0.0124,0.1929,0.1966,47290.0,47290.0,60766.0,0.8567,55850.0,68735.0,0.7818
1093.0,0.0924,0.2747,0.2871,12464.0,21570.0,27976.0,0.7767,38039.0,52975.0,0.6478
1451.0,0.0016,0.0992,0.0996,66490.0,66490.0,80270.0,0.8839,71158.0,73174.0,0.8727
1050.0,0.2934,0.2901,0.3151,14664.0,14664.0,27080.0,0.7302,65562.0,69303.0,0.5
1129.0,0.0565,0.3361,0.3789,35024.0,35024.0,48054.0,0.6559,45893.0,50939.0,0.4201
1091.0,0.112,0.333,0.3946,34875.0,34875.0,46398.0,0.7318,43633.0,52561.0,0.5113
1075.0,0.0256,0.2301,0.2396,38022.0,38022.0,51777.0,0.6372,47643.0,65638.0,0.5041
959.0,0.5711,0.4465,0.4513,18950.0,18950.0,26698.0,0.7692,59862.0,72993.0,0.5238
1312.0,0.0126,0.1112,0.1121,17264.0,38293.0,35642.0,0.886,41265.0,68292.0,0.8069
950.0,0.3784,0.3237,0.3237,13290.0,13290.0,20151.0,0.6842,75458.0,75008.0,0.6465
1107.0,0.0148,0.2877,0.2903,33800.0,33800.0,45724.0,0.7821,42362.0,59603.0,0.6193
1119.0,0.1772,0.2966,0.3383,34168.0,34168.0,46543.0,0.7031,46098.0,54833.0,0.686
1183.0,0.0549,0.2508,0.3404,34900.0,34900.0,42356.0,0.6915,42947.0,58555.0,0.5083
1282.0,0.0099,0.1933,0.2144,36730.0,36730.0,51618.0,0.8033,61777.0,89507.0,0.7241
1386.0,0.0634,0.2002,0.2051,12485.0,36722.0,28133.0,0.9339,51608.0,68499.0,0.8801
1188.0,0.1927,0.2135,0.2196,13352.0,23720.0,28182.0,0.7893,40122.0,63680.0,0.6506
1239.0,0.0075,0.2584,0.2586,49822.0,49822.0,64069.0,0.8187,58804.0,57294.0,0.6605
1146.0,0.0386,0.3111,0.3127,34274.0,34274.0,46735.0,0.7852,44063.0,57834.0,0.6941
1214.0,0.0575,0.2149,0.2296,31080.0,31080.0,42004.0,0.858,47363.0,51877.0,0.7627
1199.0,0.1131,0.2673,0.2929,12020.0,21380.0,25294.0,0.7522,41380.0,61187.0,0.5485
1087.0,0.27,0.365,0.3683,36816.0,36816.0,46641.0,0.6942,51157.0,68005.0,0.4811
1186.0,0.1159,0.2349,0.2562,33235.0,33235.0,44935.0,0.7552,50474.0,65686.0,0.5849
910.0,0.1324,0.6558,0.6598,13250.0,13250.0,23450.0,0.7,34725.0,45932.0,0.4106
976.0,0.0717,0.3605,0.3622,29490.0,29490.0,40582.0,0.6726,46069.0,51846.0,0.5097
1216.0,0.0249,0.2869,0.2938,43106.0,43106.0,55565.0,0.7514,51542.0,59860.0,0.5732
1364.0,0.0051,0.1941,0.1949,57500.0,57500.0,70687.0,0.8345,52188.0,61347.0,0.7403
1050.0,0.176,0.3176,0.3453,10864.0,20282.0,23352.0,0.6433,44273.0,55879.0,0.4378
1090.0,0.092,0.2272,0.298,7286.0,16704.0,17235.0,0.5775,44273.0,55879.0,0.4255
1238.0,0.0759,0.129,0.1293,45000.0,45000.0,59338.0,0.837,53053.0,69915.0,0.7376
1082.0,0.1088,0.3476,0.3924,10478.0,10838.0,19194.0,0.784,34327.0,51784.0,0.4897
1023.0,0.2263,0.3836,0.3836,30262.0,30262.0,42458.0,0.5443,50418.0,74625.0,0.3394
1090.0,0.2087,0.3541,0.3562,8234.0,19121.0,24920.0,0.6429,44929.0,51650.0,0.3528
1050.0,0.231,0.4183,0.4431,7405.0,16765.0,17634.0,0.6014,40215.0,56924.0,0.314
998.0,0.2702,0.4626,0.4779,16742.0,16742.0,29213.0,0.5143,36929.0,43446.0,0.1525
1046.0,0.3366,0.4349,0.4609,7400.0,16385.0,18427.0,0.6384,41682.0,51552.0,0.38
974.0,0.1836,0.3956,0.4474,5970.0,11664.0,18714.0,0.5985,40851.0,48698.0,0.2685
1147.0,0.0838,0.2803,0.3007,25148.0,25148.0,37935.0,0.768,41857.0,56040.0,0.5692
1145.0,0.0919,0.2651,0.2701,10234.0,25754.0,24770.0,0.833,52452.0,62483.0,0.649
1054.0,0.0566,0.2925,0.2946,32880.0,32880.0,45693.0,0.7119,45563.0,53701.0,0.5405
1150.0,0.0945,0.2178,0.2178,32744.0,32744.0,46239.0,0.7727,56990.0,52111.0,0.693
1240.0,0.0759,0.2363,0.2403,9312.0,25880.0,31025.0,0.8795,57496.0,67878.0,0.7606
1112.0,0.1611,0.3642,0.4583,32640.0,32640.0,46011.0,0.8065,45247.0,52051.0,0.6288
1078.0,0.3456,0.4091,0.4364,7020.0,15930.0,17907.0,0.5913,42410.0,52617.0,0.3353
1050.0,0.195,0.379,0.4015,8130.0,15240.0,21769.0,0.6826,39143.0,53410.0,0.3913
1239.0,0.0389,0.2284,0.2309,47211.0,47211.0,63577.0,0.8494,49827.0,73234.0,0.7219
1195.0,0.1286,0.2785,0.2805,39540.0,39540.0,53404.0,0.7944,53740.0,60195.0,0.7147
1366.0,0.0052,0.2061,0.2071,59684.0,59684.0,73969.0,0.8612,61805.0,65796.0,0.7347
1177.0,0.2703,0.2119,0.3107,12122.0,33956.0,25910.0,0.7221,66312.0,75683.0,0.5723
1150.0,0.0953,0.2659,0.2827,52072.0,52072.0,66812.0,0.7686,58810.0,65134.0,0.6613
1326.0,0.0075,0.1686,0.1698,51812.0,51812.0,66047.0,0.8556,85168.0,82789.0,0.7898
1269.0,0.0108,0.2756,0.2822,53610.0,53610.0,69353.0,0.7892,56420.0,62572.0,0.6776
1204.0,0.1637,0.2399,0.2446,42600.0,42600.0,56928.0,0.7765,53383.0,65326.0,0.6768
1212.0,0.0437,0.3133,0.3371,47130.0,47130.0,60526.0,0.7969,54569.0,60406.0,0.6355
1405.0,0.0035,0.102,0.1022,61746.0,61746.0,77740.0,0.9058,84018.0,98446.0,0.8653
1120.0,0.0335,0.3701,0.3847,34665.0,34665.0,48016.0,0.7483,55075.0,60987.0,0.5052
950.0,0.2935,0.4162,0.4172,33500.0,33500.0,44265.0,0.7624,46169.0,64951.0,0.5602
1546.0,0.011,0.1454,0.1465,61344.0,61344.0,77465.0,0.973,109774.0,118964.0,0.915
1075.0,0.2222,0.4226,0.4275,43643.0,43643.0,54458.0,0.7262,48157.0,64027.0,0.6243
1117.0,0.0709,0.2922,0.3108,42120.0,42120.0,57745.0,0.7587,53481.0,55812.0,0.5412
1333.0,0.0871,0.2451,0.2469,58965.0,58965.0,72427.0,0.8699,79137.0,87446.0,0.782
1257.0,0.0279,0.1823,0.1829,45376.0,45376.0,60583.0,0.838,68808.0,78119.0,0.7771
1069.0,0.113,0.4019,0.4061,10987.0,18953.0,24149.0,0.7355,49051.0,58248.0,0.4573
1191.0,0.0863,0.191,0.1938,35670.0,35670.0,48098.0,0.8499,52101.0,68354.0,0.7624
1372.0,0.0017,0.199,0.199,61760.0,61760.0,76330.0,0.8857,54946.0,79129.0,0.8161
1506.0,0.0028,0.1423,0.1423,63628.0,63628.0,81420.0,0.9611,97173.0,82509.0,0.914
940.0,0.2363,0.3731,0.3782,32558.0,32558.0,37674.0,0.7919,56117.0,67383.0,0.5854
1180.0,0.2652,0.2272,0.2627,27750.0,27750.0,44986.0,0.8316,60520.0,82924.0,0.6111
1061.0,0.0856,0.3596,0.3773,11320.0,18927.0,27923.0,0.706,46246.0,55690.0,0.521
1140.0,0.0759,0.3149,0.3251,11230.0,15628.0,27730.0,0.7929,49783.0,56884.0,0.5636
1094.0,0.1981,0.3555,0.3574,32284.0,32284.0,45704.0,0.6667,48348.0,56331.0,0.553
1410.0,0.0015,0.0932,0.0934,59368.0,59368.0,75934.0,0.899,87054.0,95951.0,0.8918
1121.0,0.3379,0.3249,0.3806,28460.0,28460.0,39882.0,0.8071,44606.0,42950.0,0.6829
1418.0,0.0048,0.1813,0.1813,59930.0,59930.0,74573.0,0.9085,101864.0,111352.0,0.9119
952.0,0.0634,0.6661,0.6676,11910.0,18456.0,26546.0,0.789,39534.0,48978.0,0.4468
1150.0,0.0147,0.4187,0.4218,45499.0,45499.0,59747.0,0.721,51970.0,62090.0,0.6385
1113.0,0.0944,0.3,0.3124,38226.0,38226.0,50781.0,0.8252,48478.0,61420.0,0.7554
1229.0,0.0192,0.1735,0.1843,39490.0,39490.0,52125.0,0.86,48759.0,57700.0,0.7825
1332.0,0.0328,0.2035,0.2057,58205.0,58205.0,71431.0,0.9089,57825.0,74588.0,0.828
1546.0,0.0643,0.1521,0.1614,63452.0,63452.0,83298.0,0.9837,90516.0,125064.0,0.9609
1071.0,0.049,0.4562,0.4601,14620.0,26494.0,28611.0,0.7056,55458.0,72904.0,0.4165
1158.0,0.0583,0.3674,0.3683,14630.0,26504.0,28051.0,0.633,55458.0,72904.0,0.3863
1153.0,0.0302,0.2942,0.2949,14646.0,26520.0,27754.0,0.7641,55458.0,72904.0,0.4832
1380.0,0.0296,0.1391,0.1664,21080.0,37320.0,35928.0,0.9266,55458.0,72904.0,0.8371
1150.0,0.127,0.3776,0.3787,36620.0,36620.0,49275.0,0.7271,42210.0,49478.0,0.5877
1242.0,0.0341,0.175,0.1807,49610.0,49610.0,63376.0,0.8575,70715.0,91896.0,0.8205
1152.0,0.0245,0.2734,0.2813,39903.0,39903.0,53487.0,0.84,50512.0,67827.0,0.7615
1237.0,0.0204,0.1962,0.1992,50312.0,50312.0,65421.0,0.8512,61615.0,78717.0,0.7994
1060.0,0.0548,0.2898,0.2931,10507.0,14615.0,24328.0,0.8231,48513.0,57398.0,0.6647
1507.0,0.0036,0.1942,0.1951,59328.0,59328.0,75793.0,0.9604,65818.0,89847.0,0.9372
1244.0,0.2312,0.3261,0.3284,44350.0,44350.0,60556.0,0.817,79126.0,78465.0,0.6756
1293.0,0.0096,0.1934,0.1962,58016.0,58016.0,73603.0,0.8245,75323.0,76786.0,0.7304
1454.0,0.0297,0.1156,0.1166,61618.0,61618.0,77650.0,0.9604,89428.0,107291.0,0.9063
1145.0,0.0043,0.3209,0.322,50192.0,50192.0,64529.0,0.8293,59533.0,74313.0,0.7413
1165.0,0.0885,0.2452,0.2508,10575.0,22399.0,28335.0,0.8224,56366.0,64472.0,0.7164
1159.0,0.0878,0.3132,0.3276,41112.0,41112.0,56215.0,0.7116,54161.0,69286.0,0.5936
1122.0,0.0567,0.2492,0.2546,23328.0,23328.0,34433.0,0.7606,55537.0,63483.0,0.6492
1547.0,0.0122,0.1305,0.1346,65146.0,65146.0,82570.0,0.9865,88912.0,96085.0,0.9499
1256.0,0.0095,0.1117,0.1118,49329.0,49329.0,65678.0,0.8584,113937.0,93938.0,0.8252
1334.0,0.0335,0.1378,0.1391,57928.0,57928.0,73779.0,0.8992,76559.0,89435.0,0.8561
1178.0,0.0562,0.2194,0.2336,15880.0,34362.0,31804.0,0.8476,62424.0,73057.0,0.7159
1433.0,0.0171,0.1507,0.1507,57505.0,57505.0,77280.0,0.9536,60706.0,74265.0,0.9101
1072.0,0.1519,0.3541,0.3556,29990.0,29990.0,42810.0,0.7036,43214.0,50213.0,0.437
1090.0,0.2416,0.4142,0.4591,27820.0,27820.0,37082.0,0.6667,41144.0,59940.0,0.5967
1239.0,0.0672,0.2064,0.2105,12978.0,35798.0,30468.0,0.7989,50387.0,60561.0,0.6466
1341.0,0.0266,0.1467,0.1468,15558.0,39502.0,34001.0,0.9239,62688.0,75080.0,0.8532
1074.0,0.1768,0.3204,0.3903,26840.0,26840.0,38781.0,0.6606,39294.0,42099.0,0.7
1053.0,0.0037,0.4159,0.4205,36710.0,36710.0,53405.0,0.6348,39418.0,61561.0,0.4638
993.0,0.0728,0.4475,0.5424,11160.0,21544.0,22683.0,0.6456,41429.0,50788.0,0.3923
1361.0,0.0043,0.1106,0.111,55772.0,55772.0,69678.0,0.8775,65130.0,69917.0,0.8541
1076.0,0.0478,0.3921,0.3927,11700.0,21300.0,25593.0,0.6637,38811.0,46862.0,0.449
1001.0,0.0598,0.4927,0.4943,29100.0,29100.0,43485.0,0.689,41954.0,49919.0,0.4947
1156.0,0.003,0.2866,0.3031,41900.0,41900.0,55950.0,0.6837,54020.0,61766.0,0.6341
1080.0,0.1938,0.3747,0.4131,10760.0,21218.0,20783.0,0.6031,42741.0,53326.0,0.4237
1304.0,0.0318,0.1919,0.195,12688.0,33928.0,28844.0,0.8962,57143.0,67183.0,0.7832
1105.0,0.0554,0.3043,0.3103,11640.0,28490.0,25333.0,0.7057,43468.0,52337.0,0.4797
1078.0,0.1727,0.4543,0.5033,11583.0,22545.0,24523.0,0.6396,44954.0,51818.0,0.4321
1106.0,0.0722,0.408,0.4305,15866.0,30196.0,29729.0,0.6695,47021.0,48136.0,0.6093
1300.0,0.004,0.154,0.154,51530.0,51530.0,67045.0,0.8862,53960.0,75570.0,0.825
1191.0,0.0338,0.1825,0.1883,37342.0,37342.0,51613.0,0.8197,56716.0,61531.0,0.7553
1085.0,0.1712,0.202,0.331,9000.0,12100.0,20843.0,0.7112,41615.0,53615.0,0.443
1141.0,0.1912,0.1778,0.2576,9633.0,12735.0,22651.0,0.7449,46813.0,55549.0,0.4869
1050.0,0.0857,0.2688,0.3275,31890.0,31890.0,40906.0,0.6886,45884.0,57004.0,0.5337
1050.0,0.1046,0.1791,0.2857,31500.0,31500.0,44064.0,0.7069,45410.0,57881.0,0.5673
1087.0,0.0841,0.1332,0.2842,8845.0,11947.0,22455.0,0.7361,41202.0,53058.0,0.508
998.0,0.3526,0.3755,0.3796,22764.0,22764.0,37503.0,0.5072,48271.0,60821.0,0.2681
1252.0,0.0461,0.1627,0.1715,10440.0,14860.0,25988.0,0.8282,64226.0,78214.0,0.5589
1121.0,0.0736,0.1804,0.2053,9299.0,12809.0,22447.0,0.7884,48563.0,59648.0,0.5926
1122.0,0.1051,0.1931,0.2532,9432.0,12942.0,23178.0,0.8176,48679.0,53842.0,0.5722
1089.0,0.2369,0.4499,0.5056,8431.0,13975.0,25804.0,0.6552,41803.0,47016.0,0.4324
1120.0,0.3681,0.5451,0.5586,13078.0,13078.0,21043.0,0.6349,68408.0,77384.0,0.5846
1269.0,0.0442,0.1678,0.1682,39850.0,39850.0,58305.0,0.8402,56362.0,56566.0,0.7247
1021.0,0.3488,0.3407,0.4949,17482.0,17482.0,26998.0,0.5573,38447.0,67003.0,0.4499
1112.0,0.0389,0.3976,0.421,33000.0,33000.0,43885.0,0.6751,44752.0,53457.0,0.5624
1150.0,0.0977,0.3649,0.3822,35520.0,35520.0,45249.0,0.7122,49619.0,63851.0,0.5982
1275.0,0.0945,0.2256,0.2261,37152.0,37152.0,51502.0,0.8407,52467.0,59616.0,0.693
1114.0,0.1642,0.3795,0.4008,9674.0,13484.0,24278.0,0.7189,41334.0,51735.0,0.5514
1200.0,0.0372,0.5274,0.5274,23578.0,23578.0,39142.0,0.7924,45353.0,40801.0,0.561
1147.0,0.0284,0.2354,0.3032,24300.0,24300.0,35735.0,0.9241,46267.0,52752.0,0.6975
1084.0,0.1353,0.4176,0.4323,19274.0,19274.0,30442.0,0.766,37151.0,43098.0,0.6565
1174.0,0.1841,0.2995,0.3467,21730.0,21730.0,32673.0,0.7942,39737.0,49371.0,0.6285
1060.0,0.1961,0.3969,0.4216,25180.0,25180.0,37976.0,0.7743,45909.0,59340.0,0.5085
1091.0,0.0481,0.3862,0.444,10200.0,10200.0,26042.0,0.6636,31759.0,46630.0,0.3028
1143.0,0.0392,0.369,0.3959,37758.0,37758.0,52089.0,0.6642,44556.0,53429.0,0.5327
1120.0,0.1497,0.3386,0.3566,9232.0,28264.0,21922.0,0.7606,45912.0,51339.0,0.5459
1385.0,0.0068,0.1361,0.1383,52310.0,52310.0,66266.0,0.9088,58357.0,67405.0,0.8501
1357.0,0.0035,0.1499,0.1507,51146.0,51146.0,66480.0,0.8882,59181.0,66702.0,0.8148
1086.0,0.1417,0.4261,0.4274,27350.0,27350.0,35673.0,0.7527,41979.0,51277.0,0.5
1147.0,0.0961,0.3321,0.3336,9848.0,25966.0,23504.0,0.7253,47404.0,54569.0,0.5235
1299.0,0.0482,0.2236,0.2245,13244.0,31664.0,32658.0,0.8859,55413.0,65225.0,0.7258
1121.0,0.1135,0.3659,0.4634,9912.0,15952.0,21744.0,0.7111,40706.0,48327.0,0.5263
1044.0,0.2115,0.4676,0.5433,27208.0,27208.0,42041.0,0.5528,39321.0,54315.0,0.3395
1281.0,0.2158,0.2619,0.2822,36880.0,36880.0,56891.0,0.8444,49813.0,59178.0,0.6657
1546.0,0.0021,0.1664,0.1664,60348.0,60348.0,79538.0,0.9643,84603.0,99446.0,0.9277
1172.0,0.0182,0.2361,0.2361,40500.0,40500.0,55221.0,0.7851,46572.0,60528.0,0.6032
1038.0,0.0638,0.2795,0.4671,8186.0,17978.0,21174.0,0.7324,45070.0,55531.0,0.4077
1243.0,0.0066,0.3102,0.3113,44950.0,44950.0,57746.0,0.8445,61375.0,63675.0,0.7304
1347.0,0.0206,0.1419,0.1427,51738.0,51738.0,68535.0,0.9041,61315.0,67869.0,0.8143
1060.0,0.356,0.3519,0.3519,35620.0,35620.0,49494.0,0.6769,53643.0,65702.0,0.3889
1090.0,0.1542,0.3889,0.3918,9748.0,20745.0,23200.0,0.6285,48356.0,56557.0,0.3507
1095.0,0.1118,0.2507,0.283,35310.0,35310.0,46367.0,0.6215,47965.0,60629.0,0.5662
1277.0,0.018,0.284,0.2849,48000.0,48000.0,63310.0,0.7731,54565.0,58981.0,0.7197
999.0,0.3296,0.511,0.5142,7930.0,20659.0,21204.0,0.6267,42301.0,54105.0,0.2995
1050.0,0.29,0.4002,0.4038,10026.0,22266.0,22475.0,0.6503,47068.0,54567.0,0.4273
1093.0,0.0549,0.3882,0.3925,31686.0,31686.0,45285.0,0.6392,52804.0,60374.0,0.5791
1147.0,0.1522,0.5212,0.5231,36750.0,36750.0,46360.0,0.6913,53986.0,56554.0,0.4931
1082.0,0.4289,0.4395,0.4395,7698.0,20994.0,28856.0,0.6654,57784.0,61285.0,0.5374
1241.0,0.13,0.4104,0.4216,9699.0,21891.0,24130.0,0.8453,60328.0,65737.0,0.6308
930.0,0.3592,0.6105,0.6224,14703.0,14703.0,25026.0,0.6871,41453.0,61806.0,0.3172
1020.0,0.2615,0.4305,0.4361,34400.0,34400.0,45505.0,0.6999,49893.0,63564.0,0.5322
936.0,0.255,0.4313,0.4613,8690.0,18482.0,21570.0,0.5937,46359.0,57524.0,0.377
1006.0,0.1437,0.6308,0.6842,7846.0,19382.0,16313.0,0.7909,45780.0,58493.0,0.4945
1239.0,0.1157,0.1652,0.3044,34470.0,34470.0,47233.0,0.7707,47344.0,69680.0,0.6692
1068.0,0.1299,0.3159,0.3451,26300.0,26300.0,38261.0,0.7143,51297.0,58650.0,0.4875
1100.0,0.1011,0.3923,0.3976,31950.0,31950.0,45330.0,0.6446,51945.0,57811.0,0.4987
1138.0,0.1804,0.5289,0.5417,30422.0,30422.0,42284.0,0.6433,43120.0,58904.0,0.3732
1127.0,0.152,0.3523,0.3535,11140.0,20932.0,24696.0,0.8023,54441.0,57862.0,0.5892
957.0,0.0701,0.6593,0.6593,11299.0,26874.0,25775.0,0.7326,43214.0,51910.0,0.4147
1546.0,0.004,0.1662,0.1665,54960.0,54960.0,71745.0,0.981,93158.0,97442.0,0.9363
1171.0,0.3142,0.3603,0.3692,32484.0,32484.0,42639.0,0.711,56911.0,59371.0,0.6581
1056.0,0.1623,0.3985,0.3985,8960.0,18752.0,23962.0,0.7389,50967.0,58457.0,0.5609
1444.0,0.0195,0.1158,0.116,61980.0,61980.0,79885.0,0.9024,71557.0,89573.0,0.8231
1015.0,0.2008,0.529,0.5466,17782.0,17782.0,31917.0,0.7664,44878.0,50285.0,0.4167
1262.0,0.0266,0.2467,0.2473,48650.0,48650.0,61668.0,0.7938,55750.0,59294.0,0.7158
1067.0,0.1151,0.3806,0.4144,10600.0,21616.0,24402.0,0.7316,45699.0,53541.0,0.5307
1090.0,0.1179,0.363,0.363,11135.0,22559.0,25797.0,0.8007,54343.0,60760.0,0.5586
1020.0,0.1516,0.4212,0.5123,24060.0,24060.0,34060.0,0.7923,52487.0,52183.0,0.4701
972.0,0.2966,0.5535,0.5552,7649.0,17441.0,22434.0,0.4896,39291.0,46336.0,0.2607
1061.0,0.1976,0.381,0.381,7848.0,17640.0,22286.0,0.7046,50553.0,55777.0,0.4581
1130.0,0.1239,0.5272,0.5638,9892.0,25746.0,22081.0,0.635,48649.0,55878.0,0.4404
1281.0,0.0209,0.197,0.1995,13239.0,40139.0,31451.0,0.9455,68051.0,76479.0,0.8354
1112.0,0.3753,0.368,0.3714,11727.0,29299.0,24530.0,0.7411,58919.0,69013.0,0.5348
1373.0,0.0226,0.2442,0.2467,11698.0,41070.0,29361.0,0.953,70400.0,81967.0,0.8779
1114.0,0.2509,0.3493,0.3717,9855.0,25693.0,22535.0,0.6074,52683.0,61816.0,0.4405
1307.0,0.0339,0.1231,0.1232,53980.0,53980.0,71425.0,0.9174,62890.0,73296.0,0.8372
1011.0,0.3191,0.308,0.3604,9234.0,21474.0,22113.0,0.6623,53037.0,58051.0,0.3975
1111.0,0.1588,0.4327,0.4374,8945.0,21253.0,21660.0,0.804,54294.0,60891.0,0.5351
922.0,0.1877,0.6954,0.6954,9173.0,21413.0,24679.0,0.5495,36840.0,46037.0,0.2625
1198.0,0.0691,0.2525,0.2581,11852.0,24122.0,27249.0,0.8571,57735.0,67790.0,0.6375
1025.0,0.1437,0.4237,0.5179,36128.0,36128.0,43598.0,0.5552,49123.0,57728.0,0.3256
1041.0,0.2321,0.379,0.432,8311.0,18103.0,20019.0,0.7327,53072.0,58846.0,0.482
1390.0,0.0091,0.1591,0.1602,49264.0,49264.0,63684.0,0.9109,62912.0,75027.0,0.7576
1050.0,0.2128,0.4639,0.4678,9101.0,10996.0,22672.0,0.6809,49205.0,52619.0,0.4502
1376.0,0.0712,0.3239,0.3239,6304.0,6304.0,19819.0,0.8977,82955.0,65593.0,0.7865
1126.0,0.2198,0.1549,0.1566,6250.0,6250.0,21369.0,0.5266,58371.0,41497.0,0.6637
1187.0,0.1396,0.2724,0.3221,9228.0,24802.0,20770.0,0.7448,52966.0,55755.0,0.5439
1236.0,0.1548,0.2147,0.2232,9315.0,29837.0,18891.0,0.8457,66238.0,66007.0,0.6455
1247.0,0.1218,0.2573,0.2604,40352.0,40352.0,54750.0,0.7515,65140.0,66846.0,0.6454
1102.0,0.1101,0.333,0.3592,13078.0,30046.0,25878.0,0.6632,47483.0,57109.0,0.5401
1502.0,0.0028,0.1487,0.1498,62460.0,62460.0,78820.0,0.9544,82309.0,78317.0,0.9354
1358.0,0.0431,0.137,0.1437,18890.0,43890.0,35179.0,0.8874,56618.0,65547.0,0.7576
1026.0,0.2038,0.4174,0.425,37790.0,37790.0,50240.0,0.6256,41727.0,60676.0,0.4599
1127.0,0.0091,0.3062,0.3065,39800.0,39800.0,53800.0,0.7538,48122.0,56896.0,0.5783
1465.0,0.0141,0.1275,0.1279,23970.0,47196.0,40624.0,0.9536,67508.0,78921.0,0.9095
1150.0,0.5538,0.4986,0.53,19680.0,19680.0,29448.0,0.7008,38240.0,52335.0,0.5458
1199.0,0.0123,0.144,0.1443,15425.0,29063.0,31162.0,0.8577,56274.0,62005.0,0.7608
1010.0,0.0232,0.5098,0.5158,38320.0,38320.0,52268.0,0.5777,39552.0,50894.0,0.2816
1255.0,0.1833,0.2965,0.3026,13401.0,38983.0,26268.0,0.8525,77805.0,72775.0,0.7059
1182.0,0.0035,0.1998,0.1998,50740.0,50740.0,66868.0,0.8063,58783.0,70221.0,0.7527
1241.0,0.0301,0.1427,0.145,13092.0,30152.0,29043.0,0.8921,62471.0,73024.0,0.8115
1116.0,0.0525,0.2556,0.2784,14840.0,27780.0,31501.0,0.7617,47043.0,53854.0,0.6656
1260.0,0.106,0.2025,0.2045,14234.0,31154.0,29268.0,0.8347,57246.0,65814.0,0.6877
949.0,0.1555,0.629,0.6305,9622.0,20790.0,26039.0,0.6985,40922.0,48978.0,0.3986
1172.0,0.2594,0.3695,0.3745,11220.0,31170.0,26060.0,0.7395,52667.0,57330.0,0.4826
1057.0,0.0926,0.3607,0.3649,11916.0,24453.0,25873.0,0.6835,50020.0,57634.0,0.5396
1108.0,0.0207,0.39,0.3958,27930.0,27930.0,42574.0,0.6715,42346.0,62925.0,0.4973
1172.0,0.022,0.2571,0.2571,35350.0,35350.0,65345.0,0.7355,51344.0,61661.0,0.7134
1089.0,0.1624,0.4554,0.4995,19108.0,19108.0,31394.0,0.6694,50974.0,54311.0,0.4608
1232.0,0.031,0.3451,0.3451,23590.0,23590.0,40846.0,0.6215,47007.0,59570.0,0.6119
1068.0,0.3903,0.3363,0.5899,11498.0,31592.0,23546.0,0.6972,41070.0,51085.0,0.4494
1337.0,0.0168,0.1499,0.1502,14586.0,34838.0,28064.0,0.9095,74427.0,84932.0,0.8642
1170.0,0.0996,0.2983,0.305,15828.0,37786.0,33388.0,0.8478,57232.0,59254.0,0.6451
1487.0,0.0405,0.1354,0.1375,20342.0,55914.0,36314.0,0.9694,77350.0,90793.0,0.9522
1201.0,0.0006,0.1531,0.1531,19914.0,49722.0,33182.0,0.8169,72846.0,81767.0,0.7687
910.0,0.0913,0.6843,0.6843,9654.0,21409.0,23673.0,0.7306,44363.0,47846.0,0.379
900.0,0.1496,0.5559,0.6088,14305.0,14305.0,29361.0,0.5361,34181.0,44413.0,0.3913
1278.0,0.108,0.332,0.3462,36910.0,36910.0,50638.0,0.6862,49609.0,51408.0,0.4399
1499.0,0.0011,0.1039,0.1039,61750.0,61750.0,80300.0,0.9752,99795.0,103404.0,0.9483
1131.0,0.4246,0.4535,0.4607,8750.0,30059.0,24688.0,0.6538,42328.0,46964.0,0.4109
1329.0,0.0146,0.1424,0.1431,50735.0,50735.0,66149.0,0.926,69017.0,83039.0,0.8809
1198.0,0.099,0.2841,0.2919,35000.0,35000.0,45835.0,0.8077,50749.0,62171.0,0.6751
1338.0,0.0733,0.3409,0.3471,50928.0,50928.0,60866.0,0.7795,66702.0,67427.0,0.7179
1301.0,0.0198,0.1779,0.1779,57626.0,57626.0,73002.0,0.7873,66626.0,69576.0,0.7611
1090.0,0.1826,0.3888,0.3976,42220.0,42220.0,54442.0,0.7014,59279.0,63252.0,0.6017
1205.0,0.0648,0.3383,0.342,37158.0,37158.0,51895.0,0.7896,59523.0,68199.0,0.654
1269.0,0.0639,0.2027,0.203,51324.0,51324.0,66095.0,0.818,73201.0,77240.0,0.7434
1257.0,0.0832,0.2187,0.2201,8967.0,26873.0,26158.0,0.7736,61710.0,63796.0,0.6534
1416.0,0.0173,0.1373,0.1391,58622.0,58622.0,71982.0,0.8826,68347.0,69043.0,0.9037
1207.0,0.0299,0.298,0.3,48990.0,48990.0,63427.0,0.7782,51070.0,66008.0,0.7568
991.0,0.0787,0.5147,0.5369,31500.0,31500.0,44217.0,0.5687,38112.0,58912.0,0.3385
999.0,0.2312,0.458,0.4663,9840.0,17030.0,18445.0,0.578,32166.0,53972.0,0.3521
1007.0,0.1139,0.4513,0.4654,9100.0,19340.0,18362.0,0.5564,38783.0,45208.0,0.403
973.0,0.158,0.353,0.3959,8008.0,17836.0,17238.0,0.629,40733.0,55708.0,0.4639
1064.0,0.1294,0.3084,0.329,8282.0,18722.0,18205.0,0.7039,46457.0,51428.0,0.4785
995.0,0.0666,0.3067,0.3649,8716.0,17100.0,22394.0,0.7088,39879.0,49181.0,0.6124
1050.0,0.0611,0.2713,0.3959,7848.0,19584.0,18060.0,0.5638,48196.0,62351.0,0.3378
1067.0,0.0204,0.3656,0.3671,32976.0,32976.0,47149.0,0.6689,42903.0,54393.0,0.5349
1116.0,0.0435,0.2172,0.2272,9360.0,26568.0,22810.0,0.7899,48196.0,62351.0,0.6212
1306.0,0.0129,0.3056,0.3232,56312.0,56312.0,66936.0,0.8241,46249.0,56397.0,0.712
980.0,0.1802,0.2702,0.3937,35444.0,35444.0,45740.0,0.6346,48500.0,73549.0,0.5152
1212.0,0.0468,0.2271,0.234,36190.0,36190.0,48464.0,0.7478,49961.0,60925.0,0.6702
1160.0,0.0201,0.271,0.2729,34500.0,34500.0,46744.0,0.7384,47599.0,62277.0,0.6468
1150.0,0.185,0.2327,0.258,33062.0,33062.0,47970.0,0.7755,45988.0,64503.0,0.6639
1358.0,0.0027,0.2259,0.2282,53979.0,53979.0,65910.0,0.875,59769.0,58424.0,0.7802
1117.0,0.0978,0.3973,0.5762,18810.0,18810.0,29409.0,0.7563,42440.0,53454.0,0.5596
1050.0,0.1828,0.4186,0.4186,30000.0,30000.0,39345.0,0.6514,44426.0,60443.0,0.5131
1302.0,0.0119,0.1953,0.2004,46670.0,46670.0,61926.0,0.8947,71106.0,82116.0,0.8252
1050.0,0.1425,0.5992,0.658,33390.0,33390.0,46622.0,0.6526,44826.0,62071.0,0.6017
1129.0,0.049,0.3653,0.3731,41237.0,41237.0,53032.0,0.7419,42675.0,45945.0,0.5419
1178.0,0.0077,0.1669,0.1688,43204.0,43204.0,54466.0,0.8185,50835.0,60770.0,0.7153
1188.0,0.2536,0.221,0.2238,31150.0,31150.0,42691.0,0.7586,50791.0,58839.0,0.6077
1090.0,0.0968,0.2527,0.265,7864.0,17039.0,18326.0,0.7426,51094.0,59375.0,0.6166
1190.0,0.0392,0.1951,0.1998,8914.0,17627.0,20478.0,0.8007,53291.0,61318.0,0.6528
1090.0,0.1872,0.2224,0.318,7873.0,16091.0,17641.0,0.6885,50802.0,55271.0,0.5231
1190.0,0.0223,0.1589,0.1619,9232.0,18051.0,17946.0,0.843,55354.0,62517.0,0.6979
1181.0,0.0417,0.2454,0.2592,33762.0,33762.0,45903.0,0.7482,48682.0,57037.0,0.6711
1050.0,0.0865,0.1709,0.2627,7795.0,15368.0,18642.0,0.6782,49889.0,59745.0,0.5757
1090.0,0.2,0.3432,0.356,7466.0,15736.0,15328.0,0.7133,47628.0,53369.0,0.4006
1120.0,0.1384,0.2335,0.239,9663.0,17930.0,20440.0,0.719,53599.0,59104.0,0.5192
1050.0,0.2868,0.3203,0.3402,8167.0,15740.0,18487.0,0.6647,46981.0,53992.0,0.4016
1374.0,0.0363,0.1495,0.1542,10796.0,39427.0,27100.0,0.9433,66099.0,80089.0,0.8923
1090.0,0.1663,0.2916,0.3089,9620.0,21485.0,21812.0,0.718,50717.0,58419.0,0.4787
1150.0,0.0884,0.2175,0.2226,7862.0,16800.0,19916.0,0.7798,51819.0,67509.0,0.6107
1090.0,0.0746,0.2225,0.2347,8135.0,16128.0,18312.0,0.7286,49618.0,56395.0,0.5908
1120.0,0.0875,0.2894,0.3051,8376.0,17080.0,18407.0,0.7534,49935.0,54368.0,0.5602
911.0,0.2533,0.4585,0.4737,5235.0,14496.0,16096.0,0.663,37795.0,40761.0,0.273
1553.0,0.0157,0.188,0.188,58416.0,58416.0,78898.0,0.9831,122170.0,138818.0,0.9511
1354.0,0.0267,0.1412,0.1417,9992.0,28794.0,22508.0,0.9047,66974.0,78728.0,0.8304
1383.0,0.0842,0.2962,0.2962,37090.0,37090.0,51688.0,0.7395,44002.0,49771.0,0.7164
1236.0,0.0554,0.2975,0.2975,6916.0,29944.0,22236.0,0.75,51026.0,45652.0,0.6261
1350.0,0.0069,0.1908,0.1908,35544.0,35544.0,51096.0,0.9254,56799.0,53367.0,0.875
1114.0,0.1003,0.2957,0.303,6118.0,25162.0,17054.0,0.8079,53976.0,54310.0,0.5853
1110.0,0.0893,0.5031,0.5109,16640.0,39308.0,20033.0,0.7584,66740.0,81315.0,0.5992
1180.0,0.0996,0.3678,0.3794,16640.0,39308.0,20905.0,0.7923,66740.0,81315.0,0.5893
1116.0,0.0703,0.4898,0.5028,16650.0,39318.0,25463.0,0.8101,66740.0,81315.0,0.6356
1301.0,0.1705,0.2327,0.2347,36100.0,36100.0,48239.0,0.6875,77463.0,78158.0,0.601
1302.0,0.0156,0.2266,0.2451,21690.0,21690.0,58199.0,0.7143,62227.0,60287.0,0.5625
1190.0,0.0464,0.37,0.3788,13464.0,13464.0,26219.0,0.6316,63838.0,72671.0,0.5862
1118.0,0.0497,0.4742,0.4816,16650.0,39318.0,23005.0,0.7624,66740.0,81315.0,0.6219
1105.0,0.142,0.3785,0.405,8122.0,23500.0,21924.0,0.7279,43412.0,54942.0,0.5013
1020.0,0.2746,0.4187,0.4631,3958.0,12430.0,19127.0,0.6122,37781.0,50499.0,0.2382
1083.0,0.0955,0.2792,0.3066,4995.0,15391.0,17892.0,0.7224,47076.0,54199.0,0.3856
1331.0,0.3427,0.2065,0.2366,3876.0,16579.0,17518.0,0.9173,68870.0,76475.0,0.7871
1133.0,0.14,0.3604,0.372,5786.0,17040.0,24808.0,0.7455,55508.0,58986.0,0.4642
1190.0,0.0735,0.2674,0.274,37550.0,37550.0,47587.0,0.7226,43398.0,48395.0,0.634
1055.0,0.2096,0.2946,0.3705,8174.0,15165.0,15746.0,0.6394,42705.0,54129.0,0.4435
