ACTCMMID,COSTT4_A,RET_FT4,MD_EARN_WNE_INC1_P10,SAT_AVG,TUITIONFEE_IN,OPENADMP,UG25ABV,PCTPELL,PCTPELL_DCS,C150_4
18.0,23167.0,0.5928,37848.0,920.0,10024.0,2.0,0.0617,0.6536,0.6553,0.2678
27.0,26257.0,0.8243,49475.0,1291.0,8832.0,2.0,0.1794,0.3308,0.3374,0.6442
28.0,25777.0,0.8018,55158.0,1259.0,11878.0,2.0,0.1519,0.2173,0.2235,0.6295
18.0,21900.0,0.596,32315.0,963.0,11068.0,2.0,0.0677,0.6976,0.6984,0.2773
26.0,31024.0,0.8668,52399.0,1304.0,11940.0,2.0,0.0735,0.1788,0.1843,0.7276
21.0,19771.0,0.7016,41154.0,1051.0,9100.0,2.0,0.2031,0.4589,0.5011,0.3584
25.0,35495.0,0.7746,52225.0,1218.0,21250.0,2.0,0.017,0.2268,0.2277,0.6463
20.0,36169.0,0.6316,37618.0,1021.0,23920.0,2.0,0.4247,0.461,0.5172,0.33
22.0,39717.0,0.648,43793.0,1086.0,28350.0,2.0,0.0441,0.3921,0.3921,0.5018
20.0,22153.0,0.6566,40482.0,1055.0,11952.0,2.0,0.1258,0.4386,0.506,0.5224
19.0,22456.0,0.691,39855.0,1015.0,10990.0,2.0,0.373,0.4556,0.4556,0.3846
23.0,26185.0,0.7322,40044.0,1116.0,13710.0,2.0,0.0804,0.4167,0.4226,0.5476
26.0,52514.0,0.9096,56092.0,1227.0,36725.0,2.0,0.0166,0.1051,0.1052,0.7779
23.0,22667.0,0.6878,44893.0,1118.0,9116.0,2.0,0.128,0.3853,0.3943,0.4767
19.0,35488.0,0.8093,45451.0,1094.0,21732.0,2.0,0.0475,0.3531,0.3542,0.6156
21.0,22005.0,0.7477,36725.0,1050.0,9312.0,2.0,0.3538,0.4229,0.4376,0.4552
22.0,41924.0,0.756,46343.0,1091.0,22614.0,2.0,0.0385,0.5723,0.5776,0.6728
22.0,19814.0,0.697,43711.0,1116.0,7896.0,1.0,0.45,0.2156,0.3067,0.3851
25.0,27682.0,0.8564,55089.0,1229.0,13275.0,2.0,0.1419,0.2781,0.2848,0.6793
26.0,58036.0,0.7823,75740.0,1278.0,40464.0,2.0,0.0626,0.178,0.1791,0.7062
20.0,47865.0,0.6033,44785.0,1178.5,31650.0,2.0,0.1111,0.361,0.3795,0.4531
22.0,21300.0,0.7452,41617.0,1089.0,8366.0,2.0,0.3795,0.3971,0.4716,0.4193
24.0,44749.0,0.5072,43013.0,1178.5,31000.0,2.0,0.0276,0.3683,0.3702,0.3831
25.0,24611.0,0.8558,52171.0,1167.0,9656.0,2.0,0.0851,0.1822,0.1842,0.6919
16.0,19968.0,0.5891,33114.0,878.0,8668.0,2.0,0.0914,0.6618,0.6727,0.4115
23.0,21176.0,0.7756,38187.0,1119.0,7456.0,2.0,0.1922,0.3602,0.3967,0.5281
23.0,23167.0,0.7413,40828.0,1118.0,9778.0,2.0,0.0797,0.3633,0.3858,0.5008
21.0,28293.0,0.6261,45577.0,1011.0,17700.0,2.0,0.164,0.4325,0.4583,0.392
24.0,34168.0,0.8443,46778.0,1182.0,23148.0,2.0,0.0445,0.1971,0.2223,0.6947
21.0,26032.0,0.5718,40493.0,1019.0,7560.0,2.0,0.1104,0.4479,0.4526,0.3922
28.0,49928.0,0.7905,43180.0,1246.0,35100.0,2.0,0.0054,0.2525,0.2543,0.6857
26.0,42128.0,0.8445,47122.0,1218.0,29720.0,2.0,0.0891,0.2334,0.2996,0.7121
21.0,35272.0,0.6853,41252.0,1087.0,25950.0,2.0,0.0191,0.3571,0.3613,0.4096
22.0,30718.0,0.5789,37485.0,1050.0,19450.0,2.0,0.0447,0.4238,0.4295,0.4495
22.0,24242.0,0.7054,40376.0,1088.0,9680.0,2.0,0.0937,0.4263,0.4819,0.4454
22.0,54157.0,0.7788,61439.0,1132.0,42330.0,2.0,0.2209,0.3993,0.3993,0.6127
26.0,57785.0,0.8432,56248.0,1250.0,44382.0,2.0,0.0793,0.2579,0.2623,0.7206
26.0,60992.0,0.8102,67158.0,1258.0,48012.0,2.0,0.0822,0.3117,0.3122,0.732
29.0,78549.0,0.9129,61716.0,1316.0,60672.0,2.0,0.0254,0.1939,0.2003,0.8363
25.0,54221.0,0.695,67088.0,1178.5,40180.0,2.0,0.1218,0.2582,0.2587,0.6305
34.0,78723.0,0.9579,94018.0,1514.0,60715.0,2.0,0.0021,0.2006,0.2008,0.9128
23.0,67130.0,0.8525,76498.0,1192.0,49426.0,2.0,0.1121,0.2682,0.288,0.7893
21.0,41576.0,0.7538,52842.0,1178.5,34188.0,2.0,0.5722,0.5599,0.565,0.5024
35.0,82236.0,0.9733,49308.0,1539.0,62817.0,2.0,0.0011,0.1293,0.1293,0.9202
21.0,59394.0,0.769,56403.0,1116.0,47000.0,2.0,0.32,0.4752,0.4752,0.6322
23.0,46981.0,0.7641,60994.0,1178.5,34902.0,2.0,0.0792,0.4626,0.4929,0.5385
30.0,72553.0,0.8773,71487.0,1378.0,55926.0,2.0,0.0168,0.1326,0.135,0.8152
32.0,77878.0,0.8897,74172.0,1434.0,60566.0,2.0,0.0041,0.1707,0.1717,0.8267
25.0,68808.0,0.7625,59306.0,1178.5,52460.0,2.0,0.0969,0.3208,0.3208,0.6158
28.0,64996.0,0.8768,72078.0,1276.0,53682.0,2.0,0.0635,0.369,0.3732,0.7372
28.0,80152.0,0.8837,79434.0,1399.0,63142.0,2.0,0.0547,0.1928,0.1929,0.8398
26.0,54207.0,0.8459,58249.0,1178.5,41100.0,2.0,0.1497,0.2313,0.2316,0.7593
34.0,77810.0,0.9623,71164.0,1520.0,59238.0,2.0,0.0068,0.1834,0.1852,0.9463
29.0,70206.0,0.7964,65673.0,1215.0,55678.0,2.0,0.146,0.3325,0.335,0.669
29.0,73981.0,0.8093,82790.0,1323.0,55532.0,2.0,0.063,0.2823,0.2838,0.7437
32.0,75576.0,0.9189,96559.0,1379.0,57534.0,2.0,0.0112,0.1103,0.1104,0.8852
33.0,79740.0,0.9051,82504.0,1467.0,60712.0,2.0,0.0046,0.1114,0.1118,0.8407
22.0,53254.0,0.7227,53362.0,1178.5,38700.0,2.0,0.1053,0.4213,0.4374,0.5951
34.0,81298.0,0.9655,88397.0,1520.0,64726.0,2.0,0.0233,0.2173,0.2191,0.925
28.0,38428.0,0.916,63783.0,1328.0,27000.0,2.0,0.0161,0.2072,0.2072,0.8506
29.0,67000.0,0.861,61848.0,1380.0,50066.0,2.0,0.0129,0.1898,0.1898,0.7356
26.0,62130.0,0.696,58581.0,1231.0,49864.0,2.0,0.0392,0.3424,0.3424,0.6557
21.0,22772.0,0.568,39144.0,1066.0,9776.0,2.0,0.2087,0.3553,0.455,0.28
25.0,23895.0,0.6976,64378.0,1150.0,9562.0,2.0,0.2009,0.2608,0.3374,0.4385
28.0,32351.0,0.8778,62927.0,1301.0,13106.0,2.0,0.0619,0.1435,0.1456,0.7474
31.0,37114.0,0.9362,96958.0,1403.0,20040.0,2.0,0.0508,0.133,0.1348,0.8181
26.0,28277.0,0.8622,57073.0,1199.0,12874.0,2.0,0.1042,0.2124,0.2177,0.6662
29.0,72540.0,0.88,68391.0,1348.0,56439.0,2.0,0.0598,0.1513,0.1538,0.7745
20.0,24017.0,0.5947,42654.0,1147.0,9212.0,2.0,0.145,0.3764,0.3969,0.3877
23.0,22346.0,0.7599,39494.0,1062.0,9297.0,2.0,0.16,0.3005,0.3312,0.3915
21.0,22428.0,0.628,48401.0,1025.0,10260.0,2.0,0.3635,0.3323,0.3493,0.2898
23.0,26352.0,0.7518,50573.0,1106.0,11332.0,2.0,0.1159,0.2653,0.2921,0.5191
25.0,52045.0,0.7248,58711.0,1149.0,42220.0,2.0,0.3472,0.2452,0.2573,0.668
22.0,22545.0,0.6241,50802.0,1031.0,9245.0,2.0,0.2141,0.3343,0.4321,0.3505
24.0,24833.0,0.767,45710.0,1154.0,10813.0,2.0,0.0673,0.1416,0.2659,0.4698
23.0,22904.0,0.7653,55999.0,1061.0,12106.0,2.0,0.1846,0.3579,0.3641,0.5347
32.0,79575.0,0.872,58054.0,1427.0,63005.0,2.0,0.0055,0.1597,0.1613,0.8411
30.0,35236.0,0.9095,66740.0,1340.0,19434.0,2.0,0.0248,0.2406,0.2433,0.8318
29.0,71215.0,0.9108,78376.0,1325.0,54455.0,2.0,0.0182,0.0736,0.0745,0.8419
26.0,60887.0,0.7438,57498.0,1201.0,46148.0,2.0,0.048,0.2835,0.2899,0.5694
27.0,60918.0,0.7396,57642.0,1180.0,44184.0,2.0,0.0575,0.2789,0.2819,0.621
31.0,79605.0,0.9002,91434.0,1387.0,63930.0,2.0,0.0107,0.1306,0.1331,0.8357
33.0,82245.0,0.9538,49308.0,1426.0,64322.0,2.0,0.0216,0.1448,0.1516,0.9315
34.0,82170.0,0.981,99674.0,1547.0,62250.0,2.0,0.0067,0.1877,0.1878,0.9781
29.0,28744.0,0.9093,65375.0,1290.0,15410.0,2.0,0.0252,0.1563,0.1622,0.7961
31.0,68494.0,0.8625,76415.0,1386.0,53889.0,2.0,0.0167,0.1247,0.1293,0.7943
17.0,39402.0,0.7285,40902.0,896.0,17712.0,2.0,0.248,0.5603,0.5676,0.4367
32.0,77900.0,0.8957,87173.0,1420.0,62200.0,2.0,0.0962,0.1469,0.1546,0.848
34.0,81515.0,0.9658,94024.0,1507.0,62052.0,2.0,0.0217,0.115,0.1193,0.9561
24.0,48214.0,0.8817,62422.0,1164.0,31050.0,2.0,0.0255,0.4052,0.408,0.7
20.0,19539.0,0.7391,40545.0,1045.0,12450.0,2.0,0.2749,0.3199,0.5357,0.5938
17.0,29551.0,0.5136,37277.0,903.0,14794.0,2.0,0.0402,0.7632,0.7632,0.3471
23.0,58188.0,0.7404,47561.0,1126.0,41550.0,2.0,0.0905,0.2515,0.2523,0.5209
20.0,29073.0,0.4848,37151.0,960.0,18614.0,2.0,0.1074,0.6443,0.6486,0.4857
28.0,22662.0,0.9299,55645.0,1281.0,6368.0,2.0,0.1548,0.3435,0.3449,0.7558
26.0,57754.0,0.818,75740.0,1237.0,40564.0,2.0,0.059,0.17,0.2197,0.6348
20.0,23985.0,0.8982,43206.0,1077.0,5785.0,2.0,0.0794,0.5547,0.5782,0.6041
23.0,20118.0,0.8088,55364.0,1112.0,4879.0,2.0,0.1781,0.3599,0.3776,0.6214
23.0,38585.0,0.6927,46471.0,1168.0,23760.0,2.0,0.0795,0.2984,0.3004,0.5717
23.0,32090.0,0.6968,37828.0,1114.0,18060.0,2.0,0.0206,0.2663,0.2663,0.6761
27.0,57630.0,0.7544,33700.0,1213.0,43670.0,2.0,0.0733,0.2031,0.2203,0.6702
24.0,19666.0,0.9056,58553.0,1154.0,6565.0,2.0,0.217,0.5288,0.6146,0.6918
28.0,55055.0,0.774,54895.0,1206.0,40500.0,2.0,0.0754,0.2679,0.2744,0.6812
28.0,23308.0,0.9393,58378.0,1309.0,5656.0,2.0,0.0354,0.2824,0.2843,0.8479
31.0,21359.0,0.9657,68870.0,1397.0,6381.0,2.0,0.032,0.2213,0.2267,0.9001
23.0,58927.0,0.6349,54936.0,1165.0,43670.0,2.0,0.1614,0.096,0.0967,0.5313
32.0,73776.0,0.921,73938.0,1409.0,57194.0,2.0,0.0404,0.1607,0.1629,0.8411
23.0,18984.0,0.8009,55098.0,1104.0,6389.0,2.0,0.1462,0.3049,0.3116,0.6767
25.0,53370.0,0.7759,53583.0,1164.0,36300.0,2.0,0.0964,0.3896,0.3931,0.6198
23.0,52625.0,0.761,45470.0,1126.0,35900.0,2.0,0.1089,0.2531,0.3156,0.5631
22.0,40214.0,0.5445,40850.0,1102.0,27050.0,2.0,0.527,0.4371,0.4563,0.4934
27.0,21383.0,0.8957,55901.0,1235.0,6410.0,2.0,0.1467,0.3155,0.327,0.7412
19.0,50684.0,0.5263,50238.0,1178.5,33760.0,2.0,0.1097,0.2752,0.5481,0.4264
26.0,67631.0,0.675,50085.0,1205.0,52320.0,2.0,0.0296,0.3564,0.3627,0.6366
22.0,42569.0,0.6674,40526.0,1178.5,30148.0,2.0,0.1277,0.2741,0.4205,0.4267
26.0,48273.0,0.8058,55951.0,1178.5,32218.0,2.0,0.0212,0.1668,0.1669,0.6572
19.0,23973.0,0.5068,49308.0,987.0,14300.0,2.0,0.2197,0.5803,0.6041,0.2892
21.0,25298.0,0.2941,49308.0,966.0,16300.0,2.0,0.4216,0.5837,0.5951,0.04
19.0,39677.0,0.4578,43189.0,968.0,28044.0,2.0,0.156,0.5384,0.5532,0.4045
24.0,18357.0,0.8507,47976.0,1166.0,6360.0,2.0,0.2766,0.3347,0.3513,0.5306
19.0,13323.0,0.6285,30637.0,986.0,3165.0,2.0,0.1083,0.3662,0.4204,0.3971
20.0,35996.0,0.6923,33472.0,1178.5,18214.0,2.0,0.2279,0.5551,0.5634,0.2368
19.0,34203.0,0.6923,32811.0,990.0,22300.0,2.0,0.1097,0.3248,0.6695,0.2555
19.0,39446.0,0.7076,39875.0,974.0,24730.0,2.0,0.0307,0.6835,0.6863,0.462
27.0,54975.0,0.8313,46764.0,1210.0,39376.0,2.0,0.0023,0.2532,0.2535,0.6473
23.0,45992.0,0.554,47863.0,1178.5,32685.0,2.0,0.4303,0.4674,0.5092,0.457
21.0,34951.0,0.408,40894.0,1178.5,21696.0,2.0,0.0717,0.4188,0.6265,0.1974
19.0,18167.0,0.581,35905.0,997.0,3483.0,2.0,0.2364,0.3824,0.4495,0.2292
21.0,20838.0,0.6526,42057.0,1020.0,5751.0,2.0,0.2385,0.4339,0.4647,0.434
26.0,51713.0,0.768,48369.0,1315.0,38860.0,2.0,0.0092,0.203,0.2107,0.7396
21.0,33421.0,0.6471,38708.0,1178.5,22924.0,2.0,0.0349,0.3181,0.3715,0.3739
33.0,75594.0,0.9521,79774.0,1493.0,57948.0,2.0,0.0182,0.1878,0.1899,0.8999
18.0,20211.0,0.6731,34932.0,871.0,5832.0,2.0,0.0769,0.728,0.7371,0.4555
32.0,29148.0,0.9786,102952.0,1480.0,11764.0,2.0,0.0228,0.1332,0.1404,0.926
21.0,19915.0,0.5973,44106.0,1075.0,4980.0,2.0,0.2032,0.3867,0.4727,0.3621
24.0,28118.0,0.8015,51479.0,1144.0,8974.0,2.0,0.0115,0.1627,0.1656,0.6237
21.0,22652.0,0.7197,47989.0,1057.0,6485.0,2.0,0.1082,0.3709,0.3897,0.5274
23.0,27149.0,0.7826,43132.0,1127.0,8478.0,2.0,0.1489,0.5141,0.5246,0.549
31.0,27821.0,0.943,64451.0,1335.0,11180.0,2.0,0.0214,0.1847,0.1856,0.8811
20.0,14627.0,0.5417,36047.0,952.0,3475.0,2.0,0.1774,0.4534,0.5522,0.2267
19.0,40129.0,0.6982,46555.0,983.0,14406.0,2.0,0.1813,0.3974,0.4035,0.3125
30.0,55068.0,0.855,51412.0,1288.0,39708.0,2.0,0.2491,0.3313,0.3484,0.7351
23.0,48890.0,0.7981,48874.0,1090.0,29468.0,2.0,0.1088,0.433,0.433,0.5898
27.0,57647.0,0.7624,49724.0,1207.0,43990.0,2.0,0.0512,0.3714,0.3838,0.571
23.0,42631.0,0.6789,46371.0,1108.0,29190.0,2.0,0.2016,0.4215,0.4361,0.4835
21.0,33819.0,0.7175,38613.0,1059.0,22810.0,2.0,0.1336,0.3985,0.4488,0.3186
20.0,18420.0,0.3556,43132.0,1010.0,11080.0,2.0,0.4299,0.4312,0.4831,0.6703
22.0,33983.0,0.5964,32723.0,1114.0,22350.0,2.0,0.0582,0.2265,0.5019,0.4638
21.0,35484.0,0.6904,44294.0,1077.0,24440.0,2.0,0.0299,0.1121,0.3484,0.4633
20.0,20694.0,0.5906,46399.0,1027.0,6007.0,2.0,0.1405,0.5179,0.5387,0.4031
24.0,39010.0,0.6306,41497.0,1178.5,27650.0,2.0,0.2374,0.4273,0.5174,0.4563
21.0,23870.0,0.7331,47293.0,1026.0,5941.0,2.0,0.1298,0.4388,0.489,0.4324
19.0,21526.0,0.6777,45671.0,1020.0,7838.0,2.0,0.2226,0.3945,0.4144,0.4246
24.0,22185.0,0.7883,56214.0,1113.0,12186.0,2.0,0.1462,0.2535,0.2587,0.6233
25.0,49353.0,0.5885,57268.0,1173.0,31940.0,2.0,0.1702,0.2127,0.3173,0.4499
19.0,15528.0,0.6885,49529.0,1033.0,7584.0,2.0,0.3979,0.3088,0.3504,0.3271
21.0,25426.0,0.7222,29937.0,950.0,9770.0,2.0,0.2472,0.573,0.573,0.4688
24.0,22108.0,0.7378,49750.0,1129.0,8396.0,2.0,0.0914,0.2482,0.311,0.611
26.0,47926.0,0.7577,46983.0,1175.0,34630.0,2.0,0.0143,0.2413,0.2413,0.5992
23.0,46897.0,0.7216,49145.0,1139.0,36298.0,2.0,0.2268,0.2691,0.3093,0.5817
23.0,12807.0,0.6792,56911.0,1107.0,4536.0,2.0,0.4321,0.2623,0.2669,0.5382
22.0,38012.0,0.7271,55621.0,1087.0,27420.0,2.0,0.1291,0.4409,0.445,0.5975
20.0,35726.0,0.375,40280.0,1178.5,26055.0,2.0,0.0894,0.5604,0.5979,0.3571
27.0,50881.0,0.8258,61256.0,1208.0,37800.0,2.0,0.0222,0.3011,0.3019,0.761
34.0,84126.0,0.9898,93923.0,1532.0,64260.0,2.0,0.0058,0.1294,0.1307,0.9558
20.0,25334.0,0.7147,43619.0,1000.0,13101.0,2.0,0.115,0.3109,0.4649,0.5464
26.0,51455.0,0.8038,58768.0,1107.0,40232.0,2.0,0.0961,0.3642,0.3805,0.6352
20.0,38968.0,0.5678,48789.0,1178.5,28380.0,2.0,0.0672,0.4601,0.4679,0.5359
19.0,20901.0,0.5585,52957.0,945.0,10468.0,2.0,0.4588,0.5312,0.5353,0.2066
18.0,43239.0,0.7621,43229.0,1003.0,30548.0,2.0,0.1034,0.3831,0.4069,0.575
27.0,24375.0,0.7832,66641.0,1232.0,14046.0,2.0,0.0909,0.4956,0.5017,0.6162
24.0,46422.0,0.674,56092.0,1178.5,34290.0,2.0,0.1309,0.4297,0.4321,0.5344
32.0,31636.0,0.9332,76079.0,1440.0,15714.0,2.0,0.0134,0.2486,0.2551,0.8469
27.0,66835.0,0.8245,66897.0,1263.0,53814.0,2.0,0.0067,0.245,0.2461,0.7948
21.0,46023.0,0.7258,46679.0,1076.0,36346.0,2.0,0.0583,0.392,0.3989,0.6735
29.0,67233.0,0.8471,81196.0,1328.0,50640.0,2.0,0.0951,0.2932,0.3007,0.75
24.0,32151.0,0.8032,57177.0,1111.0,15170.0,2.0,0.0412,0.3034,0.3042,0.6698
22.0,39201.0,0.6145,51293.0,1032.0,30910.0,2.0,0.25,0.3294,0.3326,0.5311
28.0,63874.0,0.8185,53811.0,1311.0,53259.0,2.0,0.0216,0.2984,0.3026,0.7457
29.0,65637.0,0.851,61038.0,1281.0,52902.0,2.0,0.0295,0.354,0.354,0.7778
23.0,44513.0,0.8082,64981.0,1133.0,36530.0,2.0,0.1825,0.3153,0.3243,0.6231
30.0,62997.0,0.8127,69658.0,1308.0,49498.0,2.0,0.0691,0.224,0.2255,0.7087
23.0,40918.0,0.7017,49776.0,1087.0,26892.0,2.0,0.0762,0.3526,0.3717,0.5779
26.0,54707.0,0.7654,42092.0,1141.0,42214.0,2.0,0.0093,0.3272,0.3293,0.5684
25.0,54661.0,0.7695,54299.0,1138.0,43046.0,2.0,0.0362,0.2608,0.2631,0.6333
23.0,41988.0,0.7091,55604.0,1120.0,34020.0,2.0,0.0979,0.4416,0.4416,0.55
35.0,83803.0,0.9779,79700.0,1526.0,63468.0,2.0,0.0326,0.1825,0.1858,0.9652
23.0,49685.0,0.7652,47499.0,1178.5,37940.0,2.0,0.0677,0.35,0.3559,0.6662
25.0,45051.0,0.8228,49308.0,1125.0,32130.0,2.0,0.0467,0.0,0.0,0.7679
24.0,43381.0,0.6897,45464.0,1178.5,31940.0,2.0,0.0853,0.2929,0.3205,0.5
21.0,45985.0,0.6386,51185.0,980.0,35050.0,2.0,0.1966,0.4912,0.4937,0.4014
24.0,46360.0,0.6028,42650.0,973.0,33068.0,2.0,0.2229,0.4807,0.4878,0.4257
25.0,43574.0,0.7484,57626.0,1012.0,36500.0,2.0,0.1008,0.4818,0.4972,0.587
23.0,43760.0,0.7129,58807.0,1166.0,36000.0,2.0,0.2252,0.3753,0.3884,0.6495
24.0,24287.0,0.7577,55090.0,1125.0,12077.0,2.0,0.344,0.3592,0.3683,0.5322
24.0,28970.0,0.7032,49479.0,1068.0,15416.0,2.0,0.1966,0.3598,0.3676,0.4934
23.0,24429.0,0.7051,51598.0,1080.0,12558.0,2.0,0.1417,0.3225,0.3245,0.5352
24.0,46996.0,0.7654,49957.0,1088.0,34325.0,2.0,0.1998,0.3246,0.3367,0.6875
18.0,46333.0,0.7143,43096.0,1076.0,33898.0,2.0,0.1431,0.3454,0.4105,0.4965
30.0,54537.0,0.9024,53691.0,1367.0,42240.0,2.0,0.0085,0.209,0.2126,0.8827
22.0,48027.0,0.6901,43194.0,1090.0,34080.0,2.0,0.0777,0.365,0.3724,0.5934
24.0,24478.0,0.7288,46288.0,1191.0,10440.0,2.0,0.0508,0.3356,0.3598,0.6387
28.0,62673.0,0.8867,65845.0,1262.0,44460.0,2.0,0.0095,0.1349,0.1395,0.8078
28.0,70394.0,0.924,60930.0,1275.0,55410.0,2.0,0.0023,0.1636,0.1651,0.7925
28.0,62999.0,0.7953,44647.0,1261.0,50058.0,2.0,0.0061,0.2492,0.2511,0.7465
26.0,52798.0,0.8012,45351.0,1180.0,41336.0,2.0,0.0585,0.211,0.2439,0.6499
23.0,49403.0,0.7233,50040.0,1096.0,36136.0,2.0,0.0145,0.3915,0.4,0.6298
27.0,47366.0,0.8033,50953.0,1132.0,36660.0,2.0,0.1041,0.3151,0.3255,0.6378
23.0,39454.0,0.7864,41717.0,1103.0,29048.0,2.0,0.0688,0.3016,0.3378,0.6633
28.0,55210.0,0.779,47925.0,1214.0,41559.0,2.0,0.004,0.2558,0.2759,0.6916
31.0,47029.0,0.713,44850.0,1320.0,34800.0,2.0,0.0556,0.2735,0.2735,0.3256
22.0,40132.0,0.8193,45447.0,1100.0,28830.0,2.0,0.0893,0.3482,0.3892,0.7056
23.0,19050.0,0.6272,41402.0,1101.0,8985.0,2.0,0.1205,0.262,0.3565,0.3569
25.0,21624.0,0.7085,52687.0,1157.0,10144.0,2.0,0.1728,0.3592,0.3686,0.5634
24.0,20435.0,0.6989,42817.0,1139.0,10210.0,2.0,0.0903,0.2288,0.298,0.5106
23.0,13332.0,0.6388,45559.0,1105.0,7941.0,2.0,0.1615,0.345,0.3721,0.416
21.0,15251.0,0.6604,42099.0,1064.0,7941.0,2.0,0.2147,0.4116,0.4197,0.3616
29.0,27131.0,0.8986,51816.0,1322.0,11447.0,2.0,0.0174,0.1745,0.1758,0.8113
22.0,13597.0,0.6791,38084.0,1068.0,7941.0,2.0,0.2416,0.4316,0.4495,0.3732
23.0,14752.0,0.6052,43960.0,1124.0,7941.0,2.0,0.2322,0.3404,0.349,0.3456
22.0,15899.0,0.6388,40444.0,1092.0,7941.0,2.0,0.4053,0.3589,0.3926,0.4249
23.0,41692.0,0.7823,46559.0,1120.0,29684.0,2.0,0.0256,0.2594,0.2817,0.6667
34.0,78347.0,0.9738,99391.0,1515.0,60301.0,2.0,0.0011,0.1152,0.1155,0.9633
19.0,40024.0,0.7114,38439.0,1010.0,26400.0,2.0,0.0648,0.2822,0.3648,0.5349
31.0,72651.0,0.9167,101261.0,1398.0,54602.0,2.0,0.0034,0.1225,0.1228,0.8085
22.0,43022.0,0.6812,53677.0,1050.0,34050.0,2.0,0.1912,0.4403,0.4408,0.5575
20.0,43905.0,0.6703,40486.0,1021.0,32700.0,2.0,0.3203,0.5435,0.5497,0.519
26.0,63986.0,0.8347,56140.0,1259.0,49930.0,2.0,0.0086,0.2685,0.2738,0.7488
25.0,48921.0,0.7809,46285.0,1178.5,34890.0,2.0,0.0121,0.1577,0.2666,0.6508
26.0,60150.0,0.8804,59806.0,1230.0,47475.0,2.0,0.0012,0.2381,0.2381,0.7535
22.0,51406.0,0.7585,43919.0,1115.0,38644.0,2.0,0.3141,0.4442,0.4607,0.5792
22.0,34302.0,0.7375,51492.0,1117.0,19800.0,2.0,0.0079,0.2248,0.2306,0.7143
21.0,51322.0,0.6667,53090.0,1055.0,38060.0,2.0,0.0363,0.3863,0.3863,0.5759
27.0,62571.0,0.7951,47245.0,1253.0,49158.0,2.0,0.0086,0.2831,0.2842,0.6341
25.0,49104.0,0.8042,46138.0,1182.0,34600.0,2.0,0.0111,0.1824,0.1984,0.6701
28.0,60642.0,0.8287,62312.0,1304.0,47912.0,2.0,0.0407,0.1923,0.1953,0.764
22.0,30059.0,0.7021,36460.0,1090.0,19800.0,2.0,0.0881,0.3834,0.3895,0.8154
24.0,29489.0,0.88,46692.0,1090.0,18740.0,2.0,0.0547,0.3724,0.4831,0.5484
20.0,46380.0,0.6129,41313.0,1178.5,31970.0,2.0,0.1097,0.4859,0.5049,0.481
20.0,43078.0,0.6851,48707.0,1178.5,32068.0,2.0,0.1672,0.3946,0.3946,0.5224
32.0,75698.0,0.9321,60908.0,1480.0,61480.0,2.0,0.0017,0.1739,0.1774,0.8838
25.0,21932.0,0.857,58795.0,1197.0,10133.0,2.0,0.0399,0.1915,0.1935,0.7445
18.0,46894.0,0.5447,42271.0,1003.0,34700.0,2.0,0.0907,0.5026,0.5341,0.297
26.0,26358.0,0.8864,55748.0,1222.0,10353.0,2.0,0.0583,0.1868,0.1904,0.7369
26.0,61175.0,0.8115,49580.0,1241.0,48160.0,2.0,0.004,0.176,0.1773,0.7423
20.0,31905.0,0.6667,60614.0,1178.5,16632.0,2.0,0.5268,0.3256,0.3256,0.44
23.0,20969.0,0.8257,52950.0,1121.0,9411.0,2.0,0.0729,0.2601,0.265,0.6384
24.0,47339.0,0.7836,48847.0,1178.5,34250.0,2.0,0.0475,0.2505,0.26,0.6299
24.0,48547.0,0.7907,51584.0,1153.0,34570.0,2.0,0.0835,0.2657,0.2667,0.6402
24.0,57690.0,0.7832,59287.0,1410.0,45108.0,2.0,0.1024,0.3575,0.3575,0.6667
21.0,48044.0,0.5682,44944.0,1065.0,33639.0,2.0,0.6462,0.3438,0.3718,0.4206
23.0,59828.0,0.7046,50651.0,1113.0,49190.0,2.0,0.0079,0.2289,0.2306,0.6719
19.0,39936.0,0.6238,40488.0,971.0,27800.0,2.0,0.1871,0.4663,0.4806,0.2987
21.0,47258.0,0.7972,55954.0,1050.0,32320.0,2.0,0.1632,0.226,0.2894,0.479
26.0,51009.0,0.7678,53294.0,1220.0,33720.0,2.0,0.0195,0.1585,0.1683,0.6764
20.0,50636.0,0.4727,48092.0,1010.0,31305.0,2.0,0.0231,0.4437,0.4732,0.2947
22.0,46600.0,0.75,42842.0,1082.0,32090.0,2.0,0.0351,0.3306,0.3306,0.5248
21.0,43844.0,0.6192,42772.0,1112.0,31812.0,2.0,0.1602,0.3555,0.4308,0.454
25.0,24888.0,0.8469,57567.0,1192.0,11167.0,2.0,0.0796,0.1944,0.2021,0.6728
21.0,44536.0,0.6875,50425.0,1178.5,34400.0,2.0,0.1123,0.1346,0.3481,0.5196
22.0,32545.0,0.5714,48125.0,1090.0,17914.0,2.0,0.1299,0.3842,0.3953,0.5333
20.0,51534.0,0.6316,53046.0,1048.0,34832.0,2.0,0.2092,0.3126,0.3631,0.419
18.0,50165.0,0.5681,46525.0,993.0,33380.0,2.0,0.0788,0.3931,0.3931,0.2849
21.0,19841.0,0.7491,44319.0,1090.0,7970.0,2.0,0.1033,0.2954,0.3138,0.5553
19.0,51374.0,0.4901,52465.0,1026.0,36650.0,2.0,0.4613,0.3823,0.3886,0.3846
22.0,42886.0,0.5922,43661.0,1076.0,30000.0,2.0,0.1224,0.3557,0.4073,0.3672
23.0,20964.0,0.6602,47493.0,1118.0,8866.0,2.0,0.2262,0.3007,0.3476,0.5159
20.0,27810.0,0.5468,38502.0,980.0,14250.0,2.0,0.0212,0.571,0.5983,0.4048
24.0,58078.0,0.8105,63066.0,1191.0,46030.0,2.0,0.0631,0.2376,0.2431,0.5972
26.0,54396.0,0.8225,49308.0,1220.0,45026.0,2.0,0.0279,0.8161,0.8239,0.6187
22.0,40632.0,0.7661,40340.0,1178.5,27950.0,2.0,0.2673,0.3989,0.4478,0.4309
30.0,60700.0,0.8886,55707.0,1366.0,48070.0,2.0,0.0008,0.2167,0.2175,0.8675
21.0,24278.0,0.7012,39961.0,1049.0,9875.0,2.0,0.3578,0.4885,0.5488,0.4425
21.0,21228.0,0.7698,40640.0,1051.0,9844.0,2.0,1.0,0.3815,0.4054,0.4924
23.0,16340.0,0.875,49308.0,1120.0,10060.0,2.0,0.2716,0.5802,0.6812,0.5625
22.0,41058.0,0.5707,43197.0,1053.0,31300.0,2.0,0.0752,0.4476,0.4618,0.4845
26.0,30635.0,0.8454,53037.0,1189.0,12859.0,2.0,0.0658,0.2118,0.2172,0.6877
19.0,37121.0,0.462,38160.0,959.0,23700.0,2.0,0.0415,0.4,0.469,0.3072
24.0,29595.0,0.7827,49052.0,1153.0,12520.0,2.0,0.1444,0.2914,0.3298,0.6216
22.0,40723.0,0.7354,38238.0,1113.0,25050.0,2.0,0.2718,0.4869,0.4923,0.4341
24.0,21641.0,0.7744,40053.0,1109.0,9432.0,2.0,0.0959,0.3149,0.3534,0.5846
23.0,18899.0,0.7747,45945.0,1123.0,10592.0,2.0,0.1763,0.2609,0.3146,0.5005
23.0,45051.0,0.8333,49308.0,1112.0,12000.0,2.0,0.1305,0.0,0.0,0.4326
20.0,42917.0,0.7087,42741.0,1013.0,27300.0,2.0,0.2641,0.3843,0.4305,0.4467
27.0,57015.0,0.7825,44956.0,1250.0,43670.0,2.0,0.0041,0.2588,0.2588,0.6901
19.0,41450.0,0.5926,39183.0,980.0,30946.0,2.0,0.1407,0.4987,0.4987,0.3308
25.0,57199.0,0.6412,42092.0,1188.0,38820.0,2.0,0.0096,0.369,0.369,0.6
21.0,33520.0,0.7055,37522.0,1082.0,20224.0,2.0,0.079,0.6764,0.6775,0.4803
17.0,24264.0,0.7177,38731.0,938.0,7683.0,2.0,0.1405,0.7487,0.7487,0.3688
20.0,14892.0,0.6667,37156.0,1019.0,7050.0,2.0,0.3872,0.3697,0.4391,0.3147
26.0,33322.0,0.8357,56994.0,1221.0,11954.0,2.0,0.0411,0.2482,0.2747,0.6985
23.0,18196.0,0.651,44168.0,1091.0,7327.0,2.0,0.2874,0.3738,0.4217,0.3254
21.0,28160.0,0.5538,47089.0,1085.0,19720.0,2.0,0.0709,0.4171,0.4603,0.3629
25.0,23390.0,0.8094,47366.0,1190.0,10065.0,2.0,0.0368,0.2004,0.2588,0.5986
22.0,20355.0,0.6854,41062.0,1089.0,8440.0,2.0,0.1376,0.3094,0.3485,0.4648
21.0,22232.0,0.6053,46627.0,1088.0,9172.0,2.0,0.1991,0.3891,0.4497,0.3824
23.0,20961.0,0.7492,42555.0,1088.0,8156.0,2.0,0.1345,0.3501,0.3762,0.4557
22.0,22653.0,0.7272,43505.0,1132.0,9082.0,2.0,0.129,0.3479,0.4355,0.5075
19.0,23950.0,0.6115,43900.0,1089.0,8672.0,2.0,0.2466,0.3674,0.4682,0.4636
19.0,26352.0,0.7593,46440.0,1178.5,15960.0,2.0,0.1873,0.2917,0.475,0.3649
21.0,25871.0,0.8169,57760.0,1120.0,15012.0,2.0,0.3654,0.3107,0.3305,0.4286
17.0,24483.0,0.5932,40191.0,940.0,9940.0,2.0,0.0993,0.6337,0.712,0.3035
22.0,23800.0,0.7002,44335.0,1116.0,10382.0,2.0,0.1259,0.3678,0.3995,0.5115
32.0,80932.0,0.9314,49826.0,1443.0,62844.0,2.0,0.0466,0.0916,0.0944,0.8744
23.0,38603.0,0.6819,47748.0,1103.0,26863.0,2.0,0.0156,0.5169,0.5228,0.5053
33.0,78665.0,0.928,72664.0,1501.0,63520.0,2.0,0.0044,0.1406,0.1406,0.8804
26.0,25586.0,0.7509,42405.0,1202.0,12136.0,2.0,0.0911,0.2427,0.2675,0.5527
22.0,21010.0,0.6736,45493.0,1109.0,10120.0,2.0,0.2164,0.2799,0.3571,0.4172
19.0,25573.0,0.6,54101.0,980.0,9506.0,2.0,0.5832,0.4349,0.4421,0.3333
19.0,23671.0,0.7252,51763.0,910.0,8748.0,2.0,0.1671,0.5041,0.5137,0.4019
21.0,25798.0,0.7229,49856.0,1116.0,9804.0,2.0,0.1234,0.3484,0.3898,0.4934
28.0,65729.0,0.7719,51694.0,1258.0,49220.0,2.0,0.0227,0.2933,0.2972,0.5831
28.0,27183.0,0.859,67391.0,1295.0,12606.0,2.0,0.125,0.2968,0.2992,0.7034
32.0,26781.0,0.948,80964.0,1461.0,11233.0,2.0,0.0553,0.1833,0.1866,0.8927
18.0,24726.0,0.7356,49948.0,971.0,8008.0,2.0,0.111,0.5435,0.544,0.4559
29.0,30421.0,0.8241,57794.0,1261.0,15184.0,2.0,0.0369,0.2008,0.2024,0.7066
29.0,51458.0,0.7929,39402.0,1378.0,37260.0,2.0,0.0338,0.1903,0.1903,0.7717
24.0,25928.0,0.8173,59959.0,1138.0,10818.0,2.0,0.1091,0.325,0.3267,0.6976
33.0,80060.0,0.9533,72762.0,1513.0,64100.0,2.0,0.0142,0.2363,0.2363,0.9193
32.0,76360.0,0.9492,101354.0,1434.0,54944.0,2.0,0.0023,0.1498,0.1524,0.9267
30.0,74902.0,0.9078,118773.0,1346.0,56500.0,2.0,0.0065,0.1329,0.1343,0.8798
34.0,80560.0,0.9491,99351.0,1500.0,64176.0,2.0,0.0165,0.1267,0.1275,0.9092
33.0,79463.0,0.9397,82963.0,1454.0,62360.0,2.0,0.0307,0.1721,0.1793,0.8896
33.0,79342.0,0.9159,74275.0,1473.0,62322.0,2.0,0.0036,0.1571,0.1577,0.8734
24.0,24818.0,0.7506,54795.0,1110.0,11051.0,2.0,0.1459,0.3146,0.3234,0.5606
29.0,61716.0,0.8752,64128.0,1373.0,52352.0,2.0,0.0139,0.2133,0.2144,0.7616
22.0,39617.0,0.6701,51463.0,1035.0,27990.0,2.0,0.1199,0.3659,0.3666,0.494
30.0,75777.0,0.8771,53927.0,1373.0,53232.0,2.0,0.0143,0.1511,0.1512,0.7716
29.0,61953.0,0.8112,49308.0,1233.0,44908.0,2.0,0.0273,0.215,0.2243,0.6594
20.0,51555.0,0.5537,36448.0,1178.5,34150.0,2.0,0.3951,0.4413,0.5092,0.2632
22.0,22864.0,0.7209,50129.0,1124.0,10921.0,2.0,0.2087,0.329,0.3478,0.5639
29.0,26377.0,0.7096,47938.0,1105.0,11380.0,2.0,0.1419,0.357,0.3779,0.5461
27.0,39666.0,0.8424,49308.0,1215.0,27040.0,2.0,0.0263,0.2135,0.2186,0.6874
35.0,81292.0,0.9769,91660.0,1553.0,57261.0,2.0,0.1923,0.1341,0.1619,0.9777
30.0,74286.0,0.9475,70606.0,1361.0,58360.0,2.0,0.0003,0.1585,0.1597,0.9111
27.0,61057.0,0.769,39313.0,1149.0,42630.0,2.0,0.03,0.3182,0.3199,0.6087
29.0,27701.0,0.8392,53430.0,1255.0,16182.0,2.0,0.2027,0.276,0.2834,0.7111
31.0,32355.0,0.9035,69151.0,1376.0,16952.0,2.0,0.0639,0.208,0.2105,0.8305
27.0,28946.0,0.7248,64423.0,1198.0,15132.0,2.0,0.1882,0.4248,0.4362,0.5101
27.0,56414.0,0.6981,118037.0,1232.0,37230.0,2.0,0.2028,0.277,0.2773,0.6146
33.0,75051.0,0.903,59391.0,1432.0,58498.0,2.0,0.0302,0.2068,0.2073,0.8257
23.0,54138.0,0.7215,49308.0,1060.0,38800.0,2.0,0.0762,0.3041,0.3041,0.5817
34.0,78153.0,0.972,79067.0,1505.0,60192.0,2.0,0.0067,0.1253,0.1261,0.9124
29.0,60828.0,0.8065,63151.0,1297.0,44350.0,2.0,0.0847,0.3021,0.3024,0.7445
33.0,78438.0,0.9083,63587.0,1455.0,58768.0,2.0,0.0304,0.1836,0.1836,0.8853
27.0,56240.0,0.8323,39639.0,1216.0,41694.0,2.0,0.0097,0.2239,0.2242,0.7301
23.0,29342.0,0.6664,66465.0,1149.0,14854.0,2.0,0.1612,0.3686,0.3827,0.5458
26.0,59927.0,0.7646,65610.0,1204.0,43332.0,2.0,0.0502,0.2666,0.2692,0.6036
34.0,81614.0,0.9605,72336.0,1513.0,65222.0,2.0,0.0099,0.1209,0.1218,0.9371
33.0,81090.0,0.9502,81855.0,1500.0,61920.0,2.0,0.0134,0.2247,0.2321,0.9017
28.0,55835.0,0.8208,75423.0,1215.0,38760.0,2.0,0.0664,0.2471,0.253,0.6876
28.0,54933.0,0.7791,71418.0,1194.0,44500.0,2.0,0.0304,0.2418,0.2422,0.6745
20.0,24963.0,0.7535,52013.0,1116.0,11500.0,2.0,0.1229,0.3161,0.3392,0.5981
30.0,74460.0,0.8065,66167.0,1346.0,60230.0,2.0,0.0035,0.214,0.2158,0.7973
24.0,20795.0,0.746,53534.0,1135.0,10786.0,2.0,0.1375,0.2933,0.3187,0.5885
22.0,56391.0,0.6714,47238.0,1050.0,39596.0,2.0,0.0122,0.3087,0.3201,0.5061
24.0,42774.0,0.8208,44882.0,1184.0,32734.0,2.0,0.1097,0.2404,0.2523,0.7079
23.0,47228.0,0.7721,41999.0,1100.0,37280.0,2.0,0.0816,0.2399,0.2592,0.6115
27.0,52094.0,0.8638,57852.0,1263.0,38620.0,2.0,0.0437,0.1551,0.1606,0.7696
23.0,26077.0,0.7182,50264.0,1104.0,13650.0,2.0,0.126,0.3095,0.3121,0.6172
19.0,37464.0,0.52,41596.0,1178.5,23629.0,2.0,0.3464,0.2854,0.2854,0.6364
21.0,47701.0,0.6814,45988.0,1050.0,32982.0,2.0,0.0671,0.2469,0.2757,0.5176
26.0,39217.0,0.8453,63640.0,1090.0,31058.0,2.0,0.0852,0.2722,0.3338,0.7294
22.0,26085.0,0.6588,47724.0,1056.0,16410.0,2.0,0.2258,0.3733,0.385,0.4542
23.0,25135.0,0.7719,47260.0,1032.0,13076.0,2.0,0.1791,0.343,0.36,0.4936
28.0,58080.0,0.8721,84938.0,1266.0,44380.0,2.0,0.0277,0.1801,0.1825,0.6934
23.0,39524.0,0.8152,42306.0,1178.5,27880.0,2.0,0.1772,0.3026,0.3026,0.6168
32.0,45051.0,0.9571,49308.0,1440.0,30902.0,2.0,0.0125,0.0,0.0,0.8681
28.0,49892.0,0.8921,56732.0,1213.0,38370.0,2.0,0.0118,0.164,0.1682,0.8028
27.0,68832.0,0.8639,67501.0,1264.0,56562.0,2.0,0.0056,0.2395,0.2395,0.7977
23.0,25607.0,0.7244,41601.0,1097.0,13728.0,2.0,0.1038,0.3019,0.3434,0.5106
23.0,38500.0,0.7649,52760.0,1178.5,26100.0,2.0,0.2578,0.2863,0.2989,0.4928
26.0,29204.0,0.8905,60132.0,1273.0,15372.0,2.0,0.0219,0.2164,0.2173,0.8157
28.0,31297.0,0.8502,67391.0,1245.0,17614.0,2.0,0.0299,0.1923,0.1949,0.6776
25.0,22327.0,0.8184,55823.0,1156.0,14320.0,2.0,0.157,0.4135,0.4244,0.56
25.0,23278.0,0.7664,47241.0,1071.0,13242.0,2.0,0.3025,0.358,0.4087,0.4645
25.0,23669.0,0.7517,57096.0,1140.0,14476.0,2.0,0.1597,0.3022,0.3074,0.5764
21.0,45023.0,0.6471,44655.0,1178.5,32006.0,2.0,0.0482,0.4548,0.4743,0.4406
22.0,22866.0,0.724,46830.0,1073.0,11565.0,2.0,0.1137,0.3395,0.3461,0.4996
25.0,25942.0,0.837,49271.0,1147.0,14675.0,2.0,0.1605,0.4398,0.448,0.6031
24.0,27150.0,0.7652,46942.0,1105.0,14623.0,2.0,0.101,0.2597,0.2652,0.5507
21.0,55931.0,0.7045,51293.0,1178.5,42074.0,2.0,0.1375,0.504,0.5057,0.5563
22.0,21940.0,0.7124,47115.0,1090.0,10130.0,2.0,0.2654,0.282,0.3116,0.4994
24.0,54444.0,0.8263,56370.0,1190.0,41270.0,2.0,0.1097,0.2023,0.236,0.7469
33.0,78315.0,0.955,69584.0,1486.0,62634.0,2.0,0.0024,0.1399,0.1424,0.9065
23.0,40870.0,0.8372,56936.0,1220.0,28916.0,2.0,0.0096,0.1965,0.1987,0.6943
24.0,28613.0,0.8609,50759.0,1194.0,17420.0,2.0,0.1635,0.234,0.2527,0.7436
29.0,63088.0,0.8603,53007.0,1320.0,53030.0,2.0,0.0036,0.2421,0.2425,0.7579
23.0,55979.0,0.7495,56370.0,1152.0,46616.0,2.0,0.0457,0.3957,0.4024,0.6905
31.0,76357.0,0.9118,66615.0,1430.0,62500.0,2.0,0.0009,0.1836,0.1843,0.8792
22.0,21824.0,0.7607,53431.0,1090.0,9444.0,2.0,0.1152,0.2231,0.2447,0.5258
30.0,27446.0,0.9016,63838.0,1355.0,15859.0,2.0,0.0655,0.1755,0.2067,0.8436
25.0,25901.0,0.7724,58423.0,1220.0,14126.0,2.0,0.0322,0.1898,0.2119,0.6223
22.0,23306.0,0.7162,50440.0,1090.0,10236.0,2.0,0.185,0.2771,0.2946,0.5544
24.0,64561.0,0.8895,55566.0,1186.0,52108.0,2.0,0.0045,0.2075,0.2085,0.7833
21.0,20529.0,0.6909,51016.0,1093.0,10117.0,2.0,0.1476,0.2298,0.3393,0.4437
25.0,64251.0,0.8561,70690.0,1144.0,52164.0,2.0,0.0059,0.2022,0.2033,0.757
31.0,66570.0,0.9007,60432.0,1377.0,54650.0,2.0,0.0044,0.2001,0.2021,0.8479
25.0,52561.0,0.7881,60576.0,1220.0,39410.0,2.0,0.2407,0.2389,0.2462,0.6719
25.0,62028.0,0.8562,69948.0,1290.0,50366.0,2.0,0.0286,0.1841,0.1849,0.796
23.0,56312.0,0.8322,55521.0,1127.0,47870.0,2.0,0.3164,0.3764,0.3822,0.6388
22.0,22640.0,0.7604,57704.0,1121.0,10492.0,2.0,0.1023,0.2484,0.2545,0.6047
22.0,24062.0,0.8059,33201.0,1019.0,8549.0,2.0,0.1157,0.7172,0.7341,0.4733
22.0,36866.0,0.672,41796.0,1059.0,28375.0,2.0,0.4498,0.441,0.4632,0.4558
21.0,29461.0,0.6454,39212.0,1089.0,19280.0,2.0,0.0647,0.2818,0.4341,0.3945
19.0,21506.0,0.64,37208.0,1055.0,8605.0,2.0,0.1362,0.4008,0.4767,0.4636
18.0,24120.0,0.7742,37362.0,1022.0,8445.0,2.0,0.2324,0.6509,0.654,0.3482
25.0,59877.0,0.8333,49308.0,1223.0,43815.0,2.0,0.0158,0.3443,0.3443,0.5675
25.0,26788.0,0.893,44218.0,1199.0,9220.0,2.0,0.0565,0.2409,0.2423,0.6779
21.0,21008.0,0.7333,40765.0,1050.0,7866.0,2.0,0.2231,0.4252,0.5049,0.3702
16.0,21606.0,0.6213,30239.0,870.0,7414.0,2.0,0.1453,0.5228,0.6829,0.2577
24.0,37689.0,0.7737,41268.0,1190.0,21098.0,2.0,0.0896,0.2763,0.3107,0.6228
26.0,26353.0,0.8055,44732.0,1215.0,9398.0,2.0,0.0821,0.2977,0.2993,0.631
23.0,24425.0,0.6963,40043.0,1150.0,9450.0,2.0,0.187,0.4662,0.4704,0.5168
19.0,23266.0,0.8163,32105.0,1178.5,10861.0,2.0,0.0801,0.6323,0.7027,0.3085
25.0,28491.0,0.7852,39254.0,1188.0,14685.0,2.0,0.2511,0.2889,0.4918,0.4167
20.0,31540.0,0.788,47790.0,1090.0,22390.0,2.0,0.1885,0.5068,0.5068,0.5099
20.0,19317.0,0.7879,49308.0,1058.0,12500.0,2.0,0.1848,0.2838,0.3691,0.5926
21.0,42845.0,0.6726,44021.0,1045.0,27140.0,2.0,0.0323,0.3881,0.3881,0.5187
21.0,45051.0,1.0,49308.0,1178.5,24248.0,2.0,0.0769,0.1481,0.1481,0.0909
22.0,34355.0,0.6116,33605.0,1178.5,24960.0,2.0,0.0528,0.4488,0.4488,0.5638
22.0,42218.0,0.6488,45815.0,1120.0,29195.0,2.0,0.0341,0.3641,0.381,0.4831
27.0,45553.0,0.7813,33971.0,1221.0,33830.0,2.0,0.0349,0.287,0.2881,0.6359
22.0,42271.0,0.7168,45043.0,1178.5,28696.0,2.0,0.1609,0.4556,0.4626,0.5797
22.0,37045.0,0.5784,42960.0,1042.0,25600.0,2.0,0.2006,0.3023,0.3775,0.3867
24.0,32719.0,0.7719,47093.0,1177.0,19300.0,2.0,0.2165,0.2916,0.2929,0.5423
23.0,44826.0,0.8303,53707.0,1178.5,27166.0,2.0,0.3891,0.3675,0.3712,0.6679
23.0,43860.0,0.6681,42456.0,1147.0,33316.0,2.0,0.0814,0.1367,0.3669,0.4071
21.0,16972.0,0.6205,39966.0,1089.0,8026.0,2.0,0.1951,0.3837,0.4534,0.3561
19.0,35869.0,0.4077,38137.0,1000.0,22450.0,2.0,0.0712,0.309,0.371,0.2294
27.0,28417.0,0.8859,59124.0,1249.0,11981.0,2.0,0.0411,0.2086,0.214,0.753
26.0,23450.0,0.7713,55467.0,1231.0,11287.0,2.0,0.1229,0.2403,0.3802,0.5538
29.0,24736.0,0.8598,79065.0,1320.0,11365.0,2.0,0.0423,0.2107,0.2117,0.6167
26.0,24160.0,0.75,48839.0,1146.0,11693.0,2.0,0.1738,0.1849,0.3993,0.5158
27.0,22335.0,0.8073,55405.0,1246.0,9014.0,2.0,0.0147,0.1607,0.1884,0.7102
22.0,21375.0,0.7956,42541.0,1089.0,9502.0,2.0,0.0597,0.2838,0.3164,0.5394
23.0,31353.0,0.8082,49308.0,1124.0,20290.0,2.0,0.0162,0.4767,0.4802,0.625
23.0,54739.0,0.7643,59664.0,1220.0,41701.0,2.0,0.1091,0.2075,0.2892,0.7711
30.0,65627.0,0.8662,57224.0,1340.0,50644.0,2.0,0.0889,0.1804,0.2168,0.8123
24.0,52232.0,0.7013,131906.0,1161.0,31280.0,2.0,0.0118,0.3294,0.3294,0.7333
22.0,36941.0,0.6691,38004.0,1081.0,27038.0,2.0,0.1718,0.3713,0.4588,0.4313
21.0,41891.0,0.6263,34339.0,1124.0,25586.0,2.0,0.1565,0.4383,0.4427,0.4563
23.0,23168.0,0.7589,44943.0,1147.0,8604.0,2.0,0.0896,0.2242,0.2969,0.5822
34.0,81620.0,0.9599,74228.0,1525.0,60590.0,2.0,0.0708,0.1491,0.1553,0.9369
24.0,44148.0,0.7872,49298.0,1153.0,29840.0,2.0,0.2455,0.2877,0.2901,0.5866
21.0,48486.0,0.6449,41887.0,1049.0,33144.0,2.0,0.0214,0.4343,0.4349,0.6356
24.0,33470.0,0.7477,55558.0,1146.0,19610.0,2.0,0.0796,0.2644,0.2644,0.6224
25.0,52132.0,0.7821,57368.0,1108.0,39028.0,2.0,0.0592,0.1949,0.1962,0.7012
20.0,41079.0,0.6667,42834.0,1010.0,27606.0,2.0,0.4361,0.3008,0.3008,0.4105
24.0,21971.0,0.7196,42812.0,1131.0,7580.0,2.0,0.1547,0.2205,0.2215,0.5659
24.0,22506.0,0.7521,49569.0,1158.0,7727.0,2.0,0.0992,0.1814,0.1854,0.5682
22.0,21814.0,0.74,38729.0,1116.0,7719.0,2.0,0.2336,0.3084,0.3109,0.4644
22.0,42532.0,0.6575,50524.0,1054.0,32252.0,2.0,0.0661,0.3048,0.3086,0.4583
23.0,49230.0,0.7166,48505.0,1116.0,37720.0,2.0,0.0059,0.1169,0.2502,0.5906
28.0,59663.0,0.9183,71816.0,1344.0,45590.0,2.0,0.0415,0.0685,0.0689,0.7847
22.0,23925.0,0.7429,46799.0,1119.0,7984.0,2.0,0.1312,0.3463,0.3574,0.5412
21.0,49366.0,0.6891,50190.0,1087.0,38300.0,2.0,0.0535,0.2912,0.3225,0.4375
22.0,19830.0,0.7373,50287.0,1120.0,8136.0,2.0,0.195,0.3111,0.3159,0.4919
26.0,51208.0,0.7531,51487.0,1201.0,39868.0,2.0,0.0703,0.2808,0.2841,0.5905
25.0,24612.0,0.815,51022.0,1192.0,9872.0,2.0,0.0473,0.2229,0.2241,0.6494
20.0,25534.0,0.5,49308.0,1178.5,7958.0,2.0,0.2308,0.3462,0.3462,0.5714
21.0,38874.0,0.6792,51989.0,1082.0,27170.0,2.0,0.1328,0.3285,0.3814,0.5613
19.0,31500.0,0.6455,37141.0,1021.0,20900.0,2.0,0.069,0.4543,0.4554,0.433
23.0,23859.0,0.8015,57168.0,1116.0,8947.0,2.0,0.0978,0.2594,0.2718,0.6182
34.0,81501.0,0.9803,90649.0,1539.0,62658.0,2.0,0.0068,0.1596,0.1604,0.9471
28.0,34090.0,0.8575,65012.0,1217.0,19024.0,2.0,0.0218,0.1862,0.1881,0.7788
25.0,28794.0,0.7678,52643.0,1116.0,14638.0,2.0,0.0398,0.2539,0.2547,0.5931
27.0,63187.0,0.8938,54883.0,1218.0,45340.0,2.0,0.0041,0.1131,0.1132,0.853
19.0,49508.0,0.7635,50968.0,1178.5,35934.0,2.0,0.1135,0.3537,0.3585,0.616
20.0,48466.0,0.6984,47400.0,1037.0,36410.0,2.0,0.2721,0.5043,0.5297,0.5158
25.0,47556.0,0.7222,46600.0,1115.0,35516.0,2.0,0.1371,0.3176,0.3896,0.5385
27.0,32251.0,0.8459,53739.0,1197.0,14952.0,2.0,0.1056,0.3136,0.3177,0.6815
20.0,24102.0,0.7443,53107.0,1016.0,12972.0,2.0,0.2111,0.4738,0.4867,0.5127
24.0,58567.0,0.7925,64337.0,1203.0,43216.0,2.0,0.0319,0.3002,0.3019,0.6817
30.0,31357.0,0.8899,85967.0,1325.0,18512.0,2.0,0.1361,0.3763,0.4126,0.7371
34.0,78490.0,0.9705,109822.0,1546.0,57410.0,2.0,0.0083,0.1941,0.1973,0.9732
26.0,28769.0,0.8376,58795.0,1214.0,15363.0,2.0,0.103,0.2643,0.2799,0.6953
30.0,52777.0,0.7685,58460.0,1214.0,37200.0,2.0,0.0667,0.3375,0.3478,0.6655
21.0,29550.0,0.7856,68387.0,1168.0,16112.0,2.0,0.2564,0.4808,0.4919,0.6478
30.0,31851.0,0.9157,68387.0,1374.0,16263.0,2.0,0.0582,0.2809,0.2835,0.8446
25.0,28522.0,0.8224,68387.0,1116.0,15648.0,2.0,0.1825,0.5636,0.5823,0.6624
23.0,46980.0,0.775,51518.0,1178.5,39890.0,2.0,0.1181,0.5572,0.5895,0.6022
29.0,62783.0,0.8316,64125.0,1317.0,48960.0,2.0,0.0236,0.2804,0.289,0.7169
33.0,73570.0,0.9301,106841.0,1455.0,58624.0,2.0,0.0047,0.1964,0.1969,0.8786
25.0,30214.0,0.7775,52205.0,1150.0,15188.0,2.0,0.1173,0.4036,0.4052,0.7608
29.0,34878.0,0.9023,67799.0,1283.0,17978.0,2.0,0.018,0.1936,0.1967,0.8576
19.0,17929.0,0.6235,34385.0,961.0,6863.0,2.0,0.3355,0.3104,0.4077,0.4132
26.0,20579.0,0.75,77986.0,1116.0,9058.0,2.0,0.1085,0.3248,0.3364,0.5503
23.0,19556.0,0.7219,40010.0,1090.0,8076.0,2.0,0.2105,0.3638,0.3807,0.517
20.0,20465.0,0.7247,34114.0,1031.0,7627.0,2.0,0.1775,0.4146,0.436,0.509
26.0,55566.0,0.8534,69427.0,1233.0,43800.0,2.0,0.068,0.2921,0.2968,0.6746
30.0,50853.0,0.8957,143524.0,1320.0,38225.0,2.0,0.0541,0.2844,0.2879,0.6144
25.0,52337.0,0.7165,49982.0,1211.0,37644.0,2.0,0.0694,0.3717,0.3781,0.5348
33.0,79717.0,0.9618,90060.0,1495.0,62525.0,2.0,0.0016,0.1604,0.1618,0.9155
28.0,40718.0,0.7832,57738.0,1200.0,31800.0,2.0,0.0332,0.2872,0.2966,0.6616
29.0,73867.0,0.8322,80061.0,1282.0,56258.0,2.0,0.0081,0.209,0.2136,0.7252
33.0,80160.0,0.9447,66613.0,1480.0,64290.0,2.0,0.0009,0.128,0.1285,0.9125
35.0,82617.0,0.9792,94155.0,1540.0,66139.0,2.0,0.1351,0.2216,0.2216,0.9525
34.0,80278.0,0.9666,94995.0,1527.0,63200.0,2.0,0.009,0.1765,0.1771,0.9529
24.0,43808.0,0.8601,58559.0,1132.0,31170.0,2.0,0.2292,0.3804,0.3826,0.6569
32.0,74795.0,0.877,76984.0,1411.0,58467.0,2.0,0.0413,0.205,0.2099,0.8342
34.0,77000.0,0.9512,61428.0,1500.0,62670.0,2.0,0.0005,0.182,0.182,0.9237
25.0,64262.0,0.6908,58777.0,1112.0,51309.0,2.0,0.0095,0.35,0.3512,0.5274
29.0,78579.0,0.8661,70492.0,1339.0,61725.0,2.0,0.0018,0.2325,0.2355,0.7367
29.0,65796.0,0.8312,63104.0,1285.0,53330.0,2.0,0.0316,0.2312,0.233,0.6777
26.0,27969.0,0.8056,49332.0,1200.0,16446.0,2.0,0.073,0.3884,0.3976,0.6029
26.0,57113.0,0.7948,70132.0,1122.0,44328.0,2.0,0.0468,0.2722,0.3057,0.5658
26.0,52574.0,0.6348,49715.0,1042.0,36191.0,2.0,0.1841,0.4254,0.4258,0.5207
27.0,50504.0,0.8557,55547.0,1226.0,37450.0,2.0,0.077,0.3056,0.3184,0.7245
28.0,53506.0,0.7835,53736.0,1219.0,38868.0,2.0,0.1027,0.2022,0.3748,0.4764
27.0,52355.0,0.8026,53041.0,1178.5,41210.0,2.0,0.1095,0.2697,0.2726,0.6074
28.0,62169.0,0.8601,70041.0,1288.0,44560.0,2.0,0.0281,0.1483,0.1603,0.8131
25.0,61863.0,0.627,46966.0,1205.0,38718.0,2.0,0.1237,0.2955,0.3053,0.5664
25.0,30568.0,0.7387,46298.0,1124.0,21358.0,2.0,0.2844,0.5004,0.5555,0.471
29.0,47058.0,0.8507,76885.0,1202.0,36030.0,2.0,0.175,0.2944,0.2999,0.6922
22.0,48858.0,0.7866,58841.0,1130.0,37940.0,2.0,0.1703,0.3023,0.3038,0.612
20.0,49939.0,0.6863,60702.0,1098.0,40980.0,2.0,0.1854,0.4476,0.4544,0.5711
34.0,76563.0,0.9467,84521.0,1527.0,58168.0,2.0,0.0361,0.1901,0.1916,0.8712
25.0,48664.0,0.791,52562.0,1143.0,37180.0,2.0,0.1232,0.2743,0.2764,0.7221
28.0,51737.0,0.7709,65138.0,1263.0,42000.0,2.0,0.0911,0.4359,0.4448,0.5463
21.0,42665.0,0.6364,38025.0,1178.5,27500.0,2.0,0.557,0.4175,0.4184,0.399
26.0,66074.0,0.7159,66270.0,1220.0,50026.0,2.0,0.0718,0.2668,0.2818,0.6141
30.0,72225.0,0.8878,52359.0,1317.0,57599.0,2.0,0.045,0.1696,0.1713,0.7604
33.0,77763.0,0.888,99768.0,1457.0,60074.0,2.0,0.0093,0.1831,0.1843,0.838
26.0,47996.0,0.7402,48598.0,1294.0,36124.0,2.0,0.2281,0.3645,0.3809,0.6814
31.0,68666.0,0.8537,64805.0,1370.0,54518.0,2.0,0.0353,0.2659,0.2845,0.7227
33.0,79490.0,0.9236,76514.0,1473.0,61678.0,2.0,0.0562,0.1559,0.1596,0.8973
24.0,53720.0,0.7971,53233.0,1165.0,38770.0,2.0,0.0122,0.2517,0.2517,0.7298
24.0,35647.0,0.7034,53796.0,1178.5,27298.0,2.0,0.1058,0.4726,0.4746,0.5378
31.0,77363.0,0.8472,65098.0,1333.0,62020.0,2.0,0.0036,0.2203,0.2223,0.8345
29.0,52230.0,0.7124,57182.0,1110.0,36300.0,2.0,0.0254,0.1894,0.334,0.5354
31.0,76703.0,0.7877,52555.0,1358.0,61234.0,2.0,0.0078,0.1151,0.1174,0.7162
31.0,79250.0,0.8759,66496.0,1396.0,62398.0,2.0,0.0037,0.1508,0.1513,0.8417
26.0,37394.0,0.8224,56108.0,1177.0,32370.0,2.0,0.1773,0.3415,0.3435,0.6879
26.0,50348.0,0.8289,62347.0,1184.0,37748.0,2.0,0.0466,0.2732,0.2733,0.72
26.0,58553.0,0.8162,64873.0,1218.0,47830.0,2.0,0.0122,0.2349,0.3608,0.6922
20.0,22789.0,0.6908,42012.0,1116.0,8689.0,2.0,0.3074,0.4748,0.4887,0.4121
19.0,25912.0,0.6877,40404.0,1041.0,8676.0,2.0,0.0923,0.4247,0.428,0.4323
24.0,16521.0,0.8084,66126.0,1081.0,8576.0,2.0,0.1624,0.3488,0.3631,0.5417
26.0,27368.0,0.8284,61872.0,1193.0,10408.0,2.0,0.0611,0.4101,0.4133,0.6556
32.0,29143.0,0.9069,76210.0,1426.0,10363.0,2.0,0.0199,0.2701,0.2702,0.8279
28.0,27603.0,0.8352,64947.0,1288.0,10782.0,2.0,0.0589,0.3208,0.3233,0.7351
31.0,27617.0,0.8783,75907.0,1410.0,10560.0,2.0,0.0653,0.3712,0.3733,0.7782
27.0,21692.0,0.7895,57749.0,1116.0,8578.0,2.0,0.1561,0.3843,0.4069,0.6166
26.0,24052.0,0.6646,50120.0,1156.0,8620.0,2.0,0.1444,0.3757,0.3785,0.628
25.0,25972.0,0.7952,53894.0,1116.0,8815.0,2.0,0.0267,0.2834,0.2839,0.6866
27.0,24650.0,0.728,50090.0,1166.0,8767.0,2.0,0.036,0.3902,0.3915,0.6043
28.0,26453.0,0.8611,67284.0,1272.0,8966.0,2.0,0.019,0.2596,0.2604,0.7443
27.0,26233.0,0.8416,56233.0,1254.0,8524.0,2.0,0.0865,0.3374,0.3437,0.732
27.0,26135.0,0.7297,49855.0,1174.0,8769.0,2.0,0.0856,0.3959,0.3985,0.6396
29.0,28021.0,0.7876,45590.0,1281.0,8953.0,2.0,0.073,0.3527,0.3599,0.6694
26.0,26640.0,0.7251,53916.0,1160.0,8881.0,2.0,0.1231,0.3784,0.3817,0.6477
26.0,28019.0,0.779,94987.0,1211.0,8540.0,2.0,0.0657,0.227,0.2273,0.7282
30.0,77494.0,0.9072,79138.0,1359.0,60135.0,2.0,0.0301,0.1724,0.1755,0.8343
30.0,78611.0,0.8903,80921.0,1396.0,63954.0,2.0,0.0081,0.1312,0.1327,0.8464
27.0,9380.0,0.7939,99831.0,1217.0,1008.0,2.0,0.002,0.0775,0.0775,0.7717
33.0,80784.0,0.9379,70718.0,1487.0,64800.0,2.0,0.0103,0.2083,0.2096,0.9196
26.0,72488.0,0.8557,42463.0,1298.0,46800.0,2.0,0.055,0.1547,0.1551,0.7384
27.0,20735.0,0.8293,48332.0,1187.0,7450.0,2.0,0.0506,0.2708,0.2718,0.7516
20.0,46781.0,0.7443,42265.0,1178.5,34400.0,2.0,0.1565,0.3965,0.4364,0.475
22.0,32424.0,0.662,41277.0,1068.0,18500.0,2.0,0.1002,0.2661,0.2812,0.4693
22.0,56823.0,0.7453,49813.0,1178.5,39230.0,2.0,0.2301,0.3356,0.3369,0.5561
22.0,46573.0,0.6515,44807.0,1124.0,32868.0,2.0,0.1217,0.3922,0.3922,0.5616
18.0,37910.0,0.6268,34232.0,1052.0,25880.0,2.0,0.0413,0.6853,0.6853,0.2548
34.0,81138.0,0.9685,98934.0,1554.0,62688.0,2.0,0.002,0.1222,0.1222,0.9663
17.0,13312.0,0.7623,36896.0,1003.0,3356.0,2.0,0.226,0.5603,0.6065,0.4208
17.0,16342.0,0.6971,38214.0,915.0,3906.0,2.0,0.3961,0.5069,0.565,0.4359
21.0,46349.0,0.6622,43017.0,1114.0,32200.0,2.0,0.2602,0.3974,0.3974,0.5248
20.0,54954.0,0.6559,43320.0,1079.0,41140.0,2.0,0.0906,0.3985,0.4634,0.4941
26.0,58699.0,0.8286,46936.0,1220.0,41916.0,2.0,0.0088,0.1151,0.116,0.6817
23.0,42325.0,0.7652,37696.0,1178.5,28840.0,2.0,0.1583,0.4128,0.4143,0.4624
14.0,28236.0,0.701,30915.0,887.0,18296.0,2.0,0.0719,0.8332,0.8332,0.2553
26.0,52815.0,0.769,50329.0,1220.0,42540.0,2.0,0.0392,0.3497,0.3497,0.6777
24.0,53462.0,0.6225,44386.0,1183.0,38138.0,2.0,0.1875,0.3862,0.3862,0.408
25.0,42969.0,0.6193,41118.0,1178.5,30525.0,2.0,0.1782,0.4189,0.421,0.4172
19.0,34024.0,0.6277,40998.0,1178.5,23591.0,2.0,0.4763,0.4288,0.4728,0.4873
19.0,18518.0,0.7367,41554.0,1050.0,6733.0,2.0,0.0923,0.5177,0.53,0.5668
26.0,21030.0,0.686,42925.0,1210.0,7380.0,2.0,0.1673,0.3381,0.3544,0.5867
25.0,24711.0,0.9598,65939.0,1449.0,8989.0,2.0,0.0252,0.2121,0.2135,0.9132
24.0,21908.0,0.8363,54280.0,1162.0,7214.0,2.0,0.1143,0.3513,0.3574,0.6996
24.0,19229.0,0.7329,46451.0,1190.0,7498.0,2.0,0.1854,0.479,0.4883,0.5799
18.0,24744.0,0.7632,40451.0,976.0,6599.0,2.0,0.1819,0.5723,0.6335,0.4424
25.0,23784.0,0.9327,27179.0,1256.0,9388.0,2.0,0.0299,0.2516,0.2524,0.8169
30.0,24852.0,0.9377,63457.0,1370.0,9128.0,2.0,0.0606,0.1888,0.2002,0.8463
18.0,47109.0,0.6632,40633.0,1178.5,34352.0,2.0,0.3336,0.448,0.4688,0.3836
26.0,25332.0,0.8261,50846.0,1266.0,7238.0,2.0,0.1781,0.251,0.2568,0.7428
24.0,48188.0,0.6016,41714.0,1133.0,33050.0,2.0,0.1739,0.3585,0.3994,0.4286
19.0,15183.0,0.7163,40934.0,1116.0,3495.0,2.0,0.3256,0.4776,0.4883,0.4517
22.0,46678.0,0.6138,45348.0,1050.0,33290.0,2.0,0.0739,0.5363,0.5363,0.3464
24.0,54425.0,0.7172,52456.0,1193.0,40830.0,2.0,0.1215,0.2333,0.237,0.6859
18.0,31575.0,0.5294,49308.0,1178.5,17040.0,2.0,0.0966,0.5379,0.5865,0.4348
19.0,44380.0,0.7333,42184.0,1178.5,31016.0,2.0,0.2166,0.5093,0.5442,0.6176
27.0,54106.0,0.6933,35771.0,1320.0,38450.0,2.0,0.0484,0.3527,0.3552,0.4486
17.0,22372.0,0.7684,41328.0,921.0,6276.0,2.0,0.1572,0.6164,0.6359,0.4957
22.0,18731.0,0.7131,47821.0,1127.0,4453.0,2.0,0.2066,0.3348,0.3404,0.6059
19.0,20098.0,0.5736,44426.0,1018.0,9118.0,2.0,0.178,0.2326,0.2667,0.4444
21.0,35968.0,0.6751,44967.0,1178.5,24200.0,2.0,0.0334,0.2583,0.2651,0.4885
20.0,19966.0,0.578,43920.0,1116.0,7873.0,2.0,0.2607,0.2607,0.3453,0.3459
20.0,17273.0,0.7045,47230.0,1025.0,8508.0,2.0,0.2306,0.2314,0.2651,0.4487
23.0,23680.0,0.7887,59121.0,1116.0,10951.0,2.0,0.1969,0.1694,0.1829,0.6306
23.0,22936.0,0.7522,57837.0,1120.0,10992.0,2.0,0.0636,0.1905,0.1956,0.6317
20.0,19362.0,0.7066,43339.0,1022.0,8458.0,2.0,0.1819,0.1819,0.2941,0.4747
23.0,36822.0,0.7025,50289.0,1151.0,24140.0,2.0,0.3211,0.2616,0.3292,0.6023
21.0,26571.0,0.6667,65605.0,1050.0,19310.0,2.0,0.3861,0.3707,0.3825,0.8125
24.0,53687.0,0.8239,52006.0,1161.0,36850.0,2.0,0.0637,0.2919,0.2952,0.652
23.0,27721.0,0.7701,42035.0,1116.0,13639.0,2.0,0.0674,0.2283,0.2584,0.6142
23.0,53060.0,0.782,50176.0,1092.0,40350.0,2.0,0.0722,0.2708,0.2768,0.6108
34.0,73706.0,0.9289,83735.0,1487.0,61584.0,2.0,0.0124,0.1621,0.1648,0.8583
26.0,45051.0,0.8557,49400.0,1250.0,34698.0,2.0,0.0069,0.1658,0.1924,0.7503
16.0,19757.0,0.4141,32043.0,1116.0,7596.0,2.0,0.6505,0.4928,0.4943,0.254
20.0,27952.0,0.678,66554.0,1018.0,16472.0,2.0,0.3641,0.3311,0.3311,0.5342
27.0,27473.0,0.8621,43211.0,1252.0,13176.0,2.0,0.1025,0.1786,0.1966,0.7205
23.0,61751.0,0.7971,34317.0,1190.0,46460.0,2.0,0.0569,0.431,0.4355,0.7313
23.0,25191.0,0.6865,47878.0,1020.0,12254.0,2.0,0.193,0.3791,0.3885,0.4894
26.0,62510.0,0.8768,66180.0,1284.0,46170.0,2.0,0.0154,0.1496,0.151,0.8135
20.0,48202.0,0.5786,42336.0,1020.0,35328.0,2.0,0.0624,0.5113,0.5323,0.4191
30.0,73725.0,0.9037,57409.0,1389.0,60000.0,2.0,0.0047,0.1383,0.1388,0.8457
23.0,51270.0,0.7547,50841.0,1178.5,37621.0,2.0,0.0307,0.1428,0.2488,0.6544
22.0,46603.0,0.7519,43903.0,1178.5,33600.0,2.0,0.0199,0.3238,0.3238,0.5447
27.0,60766.0,0.8567,55850.0,1264.0,47290.0,2.0,0.0124,0.1929,0.1966,0.7818
22.0,27976.0,0.7767,38039.0,1093.0,12464.0,2.0,0.0924,0.2747,0.2871,0.6478
33.0,80270.0,0.8839,71158.0,1451.0,66490.0,2.0,0.0016,0.0992,0.0996,0.8727
20.0,27080.0,0.7302,65562.0,1050.0,14664.0,2.0,0.2934,0.2901,0.3151,0.5
20.0,48054.0,0.6559,45893.0,1129.0,35024.0,2.0,0.0565,0.3361,0.3789,0.4201
20.0,40824.0,0.6441,42182.0,1178.5,28650.0,2.0,0.1338,0.3081,0.3517,0.5
21.0,46398.0,0.7318,43633.0,1091.0,34875.0,2.0,0.112,0.333,0.3946,0.5113
21.0,51777.0,0.6372,47643.0,1075.0,38022.0,2.0,0.0256,0.2301,0.2396,0.5041
19.0,26698.0,0.7692,59862.0,959.0,18950.0,2.0,0.5711,0.4465,0.4513,0.5238
27.0,35642.0,0.886,41265.0,1312.0,17264.0,2.0,0.0126,0.1112,0.1121,0.8069
19.0,20151.0,0.6842,75458.0,950.0,13290.0,2.0,0.3784,0.3237,0.3237,0.6465
22.0,45724.0,0.7821,42362.0,1107.0,33800.0,2.0,0.0148,0.2877,0.2903,0.6193
22.0,46543.0,0.7031,46098.0,1119.0,34168.0,2.0,0.1772,0.2966,0.3383,0.686
24.0,42356.0,0.6915,42947.0,1183.0,34900.0,2.0,0.0549,0.2508,0.3404,0.5083
19.0,44370.0,0.6227,46542.0,1178.5,31950.0,2.0,0.1577,0.3808,0.4776,0.4211
32.0,81502.0,0.8656,49308.0,1446.0,62024.0,2.0,0.002,0.0921,0.0921,0.8346
25.0,51618.0,0.8033,61777.0,1282.0,36730.0,2.0,0.0099,0.1933,0.2144,0.7241
29.0,28133.0,0.9339,51608.0,1386.0,12485.0,2.0,0.0634,0.2002,0.2051,0.8801
25.0,28182.0,0.7893,40122.0,1188.0,13352.0,2.0,0.1927,0.2135,0.2196,0.6506
25.0,64069.0,0.8187,58804.0,1239.0,49822.0,2.0,0.0075,0.2584,0.2586,0.6605
23.0,46735.0,0.7852,44063.0,1146.0,34274.0,2.0,0.0386,0.3111,0.3127,0.6941
25.0,42004.0,0.858,47363.0,1214.0,31080.0,2.0,0.0575,0.2149,0.2296,0.7627
25.0,25294.0,0.7522,41380.0,1199.0,12020.0,2.0,0.1131,0.2673,0.2929,0.5485
23.0,46641.0,0.6942,51157.0,1087.0,36816.0,2.0,0.27,0.365,0.3683,0.4811
23.0,44935.0,0.7552,50474.0,1186.0,33235.0,2.0,0.1159,0.2349,0.2562,0.5849
18.0,23450.0,0.7,34725.0,910.0,13250.0,2.0,0.1324,0.6558,0.6598,0.4106
20.0,40582.0,0.6726,46069.0,976.0,29490.0,2.0,0.0717,0.3605,0.3622,0.5097
23.0,55565.0,0.7514,51542.0,1216.0,43106.0,2.0,0.0249,0.2869,0.2938,0.5732
29.0,70687.0,0.8345,52188.0,1364.0,57500.0,2.0,0.0051,0.1941,0.1949,0.7403
21.0,23352.0,0.6433,44273.0,1050.0,10864.0,2.0,0.176,0.3176,0.3453,0.4378
21.0,17235.0,0.5775,44273.0,1090.0,7286.0,2.0,0.092,0.2272,0.298,0.4255
25.0,59338.0,0.837,53053.0,1238.0,45000.0,2.0,0.0759,0.129,0.1293,0.7376
21.0,19194.0,0.784,34327.0,1082.0,10478.0,2.0,0.1088,0.3476,0.3924,0.4897
16.0,31120.0,0.2769,35440.0,1178.5,15060.0,1.0,0.3008,0.5962,0.5962,0.9897
20.0,42458.0,0.5443,50418.0,1023.0,30262.0,2.0,0.2263,0.3836,0.3836,0.3394
21.0,24920.0,0.6429,44929.0,1090.0,8234.0,2.0,0.2087,0.3541,0.3562,0.3528
20.0,17634.0,0.6014,40215.0,1050.0,7405.0,2.0,0.231,0.4183,0.4431,0.314
18.0,29213.0,0.5143,36929.0,998.0,16742.0,2.0,0.2702,0.4626,0.4779,0.1525
20.0,18427.0,0.6384,41682.0,1046.0,7400.0,2.0,0.3366,0.4349,0.4609,0.38
20.0,18714.0,0.5985,40851.0,974.0,5970.0,2.0,0.1836,0.3956,0.4474,0.2685
23.0,37935.0,0.768,41857.0,1147.0,25148.0,2.0,0.0838,0.2803,0.3007,0.5692
24.0,24770.0,0.833,52452.0,1145.0,10234.0,2.0,0.0919,0.2651,0.2701,0.649
22.0,45693.0,0.7119,45563.0,1054.0,32880.0,2.0,0.0566,0.2925,0.2946,0.5405
25.0,46239.0,0.7727,56990.0,1150.0,32744.0,2.0,0.0945,0.2178,0.2178,0.693
26.0,31025.0,0.8795,57496.0,1240.0,9312.0,2.0,0.0759,0.2363,0.2403,0.7606
23.0,46011.0,0.8065,45247.0,1112.0,32640.0,2.0,0.1611,0.3642,0.4583,0.6288
20.0,17907.0,0.5913,42410.0,1078.0,7020.0,2.0,0.3456,0.4091,0.4364,0.3353
20.0,21769.0,0.6826,39143.0,1050.0,8130.0,2.0,0.195,0.379,0.4015,0.3913
26.0,63577.0,0.8494,49827.0,1239.0,47211.0,2.0,0.0389,0.2284,0.2309,0.7219
23.0,53404.0,0.7944,53740.0,1195.0,39540.0,2.0,0.1286,0.2785,0.2805,0.7147
30.0,73969.0,0.8612,61805.0,1366.0,59684.0,2.0,0.0052,0.2061,0.2071,0.7347
18.0,44742.0,0.7765,50470.0,1178.5,33220.0,2.0,0.2164,0.3508,0.3531,0.5185
25.0,25910.0,0.7221,66312.0,1177.0,12122.0,2.0,0.2703,0.2119,0.3107,0.5723
25.0,28827.0,0.8683,57728.0,1116.0,12664.0,2.0,0.3071,0.2245,0.2289,0.7004
23.0,66812.0,0.7686,58810.0,1150.0,52072.0,2.0,0.0953,0.2659,0.2827,0.6613
21.0,21039.0,0.7176,54823.0,1116.0,10806.0,2.0,0.3442,0.3972,0.4498,0.5254
29.0,66047.0,0.8556,85168.0,1326.0,51812.0,2.0,0.0075,0.1686,0.1698,0.7898
22.0,24475.0,0.7106,45536.0,1116.0,11691.0,2.0,0.1401,0.2781,0.398,0.4637
24.0,48823.0,0.7013,49754.0,1178.5,35767.0,2.0,0.0767,0.3386,0.3399,0.5401
28.0,38557.0,0.7761,49308.0,1118.0,27000.0,2.0,0.0332,0.4191,0.4191,0.5
26.0,69353.0,0.7892,56420.0,1269.0,53610.0,2.0,0.0108,0.2756,0.2822,0.6776
26.0,56928.0,0.7765,53383.0,1204.0,42600.0,2.0,0.1637,0.2399,0.2446,0.6768
25.0,60526.0,0.7969,54569.0,1212.0,47130.0,2.0,0.0437,0.3133,0.3371,0.6355
31.0,77740.0,0.9058,84018.0,1405.0,61746.0,2.0,0.0035,0.102,0.1022,0.8653
22.0,48016.0,0.7483,55075.0,1120.0,34665.0,2.0,0.0335,0.3701,0.3847,0.5052
23.0,44265.0,0.7624,46169.0,950.0,33500.0,2.0,0.2935,0.4162,0.4172,0.5602
34.0,77465.0,0.973,109774.0,1546.0,61344.0,2.0,0.011,0.1454,0.1465,0.915
25.0,54458.0,0.7262,48157.0,1075.0,43643.0,2.0,0.2222,0.4226,0.4275,0.6243
26.0,57745.0,0.7587,53481.0,1117.0,42120.0,2.0,0.0709,0.2922,0.3108,0.5412
29.0,72427.0,0.8699,79137.0,1333.0,58965.0,2.0,0.0871,0.2451,0.2469,0.782
27.0,60583.0,0.838,68808.0,1257.0,45376.0,2.0,0.0279,0.1823,0.1829,0.7771
23.0,24149.0,0.7355,49051.0,1069.0,10987.0,2.0,0.113,0.4019,0.4061,0.4573
26.0,48098.0,0.8499,52101.0,1191.0,35670.0,2.0,0.0863,0.191,0.1938,0.7624
24.0,48076.0,0.7865,49498.0,1178.5,36706.0,2.0,0.0417,0.2553,0.3022,0.6965
30.0,76330.0,0.8857,54946.0,1372.0,61760.0,2.0,0.0017,0.199,0.199,0.8161
27.0,45051.0,0.8819,49308.0,1277.0,19990.0,2.0,0.0069,0.0,0.0,0.8096
34.0,81420.0,0.9611,97173.0,1506.0,63628.0,2.0,0.0028,0.1423,0.1423,0.914
21.0,37674.0,0.7919,56117.0,940.0,32558.0,2.0,0.2363,0.3731,0.3782,0.5854
25.0,44986.0,0.8316,60520.0,1180.0,27750.0,2.0,0.2652,0.2272,0.2627,0.6111
21.0,27923.0,0.706,46246.0,1061.0,11320.0,2.0,0.0856,0.3596,0.3773,0.521
21.0,27730.0,0.7929,49783.0,1140.0,11230.0,2.0,0.0759,0.3149,0.3251,0.5636
21.0,45704.0,0.6667,48348.0,1094.0,32284.0,2.0,0.1981,0.3555,0.3574,0.553
32.0,75934.0,0.899,87054.0,1410.0,59368.0,2.0,0.0015,0.0932,0.0934,0.8918
23.0,39882.0,0.8071,44606.0,1121.0,28460.0,2.0,0.3379,0.3249,0.3806,0.6829
32.0,74573.0,0.9085,101864.0,1418.0,59930.0,2.0,0.0048,0.1813,0.1813,0.9119
19.0,26546.0,0.789,39534.0,952.0,11910.0,2.0,0.0634,0.6661,0.6676,0.4468
25.0,59747.0,0.721,51970.0,1150.0,45499.0,2.0,0.0147,0.4187,0.4218,0.6385
22.0,50781.0,0.8252,48478.0,1113.0,38226.0,2.0,0.0944,0.3,0.3124,0.7554
27.0,52125.0,0.86,48759.0,1229.0,39490.0,2.0,0.0192,0.1735,0.1843,0.7825
30.0,71431.0,0.9089,57825.0,1332.0,58205.0,2.0,0.0328,0.2035,0.2057,0.828
21.0,54330.0,0.7095,49045.0,1178.5,35700.0,2.0,0.1502,0.4131,0.4269,0.5413
34.0,83298.0,0.9837,90516.0,1546.0,63452.0,2.0,0.0643,0.1521,0.1614,0.9609
24.0,28611.0,0.7056,55458.0,1071.0,14620.0,2.0,0.049,0.4562,0.4601,0.4165
22.0,28051.0,0.633,55458.0,1158.0,14630.0,2.0,0.0583,0.3674,0.3683,0.3863
24.0,27754.0,0.7641,55458.0,1153.0,14646.0,2.0,0.0302,0.2942,0.2949,0.4832
31.0,35928.0,0.9266,55458.0,1380.0,21080.0,2.0,0.0296,0.1391,0.1664,0.8371
22.0,49275.0,0.7271,42210.0,1150.0,36620.0,2.0,0.127,0.3776,0.3787,0.5877
21.0,34813.0,0.82,40877.0,1178.5,21175.0,2.0,0.1953,0.3325,0.3325,0.4317
28.0,63376.0,0.8575,70715.0,1242.0,49610.0,2.0,0.0341,0.175,0.1807,0.8205
25.0,53487.0,0.84,50512.0,1152.0,39903.0,2.0,0.0245,0.2734,0.2813,0.7615
26.0,65421.0,0.8512,61615.0,1237.0,50312.0,2.0,0.0204,0.1962,0.1992,0.7994
23.0,24328.0,0.8231,48513.0,1060.0,10507.0,2.0,0.0548,0.2898,0.2931,0.6647
34.0,75793.0,0.9604,65818.0,1507.0,59328.0,2.0,0.0036,0.1942,0.1951,0.9372
21.0,50257.0,0.7083,42907.0,1178.5,35450.0,2.0,0.0153,0.3921,0.4003,0.4332
28.0,60556.0,0.817,79126.0,1244.0,44350.0,2.0,0.2312,0.3261,0.3284,0.6756
30.0,73603.0,0.8245,75323.0,1293.0,58016.0,2.0,0.0096,0.1934,0.1962,0.7304
33.0,77650.0,0.9604,89428.0,1454.0,61618.0,2.0,0.0297,0.1156,0.1166,0.9063
26.0,64529.0,0.8293,59533.0,1145.0,50192.0,2.0,0.0043,0.3209,0.322,0.7413
26.0,28335.0,0.8224,56366.0,1165.0,10575.0,2.0,0.0885,0.2452,0.2508,0.7164
23.0,51406.0,0.8218,50403.0,1178.5,38700.0,2.0,0.0456,0.2784,0.3015,0.6216
24.0,56215.0,0.7116,54161.0,1159.0,41112.0,2.0,0.0878,0.3132,0.3276,0.5936
25.0,34433.0,0.7606,55537.0,1122.0,23328.0,2.0,0.0567,0.2492,0.2546,0.6492
34.0,82570.0,0.9865,88912.0,1547.0,65146.0,2.0,0.0122,0.1305,0.1346,0.9499
28.0,65678.0,0.8584,113937.0,1256.0,49329.0,2.0,0.0095,0.1117,0.1118,0.8252
29.0,73779.0,0.8992,76559.0,1334.0,57928.0,2.0,0.0335,0.1378,0.1391,0.8561
28.0,31804.0,0.8476,62424.0,1178.0,15880.0,2.0,0.0562,0.2194,0.2336,0.7159
31.0,77280.0,0.9536,60706.0,1433.0,57505.0,2.0,0.0171,0.1507,0.1507,0.9101
21.0,42810.0,0.7036,43214.0,1072.0,29990.0,2.0,0.1519,0.3541,0.3556,0.437
21.0,37082.0,0.6667,41144.0,1090.0,27820.0,2.0,0.2416,0.4142,0.4591,0.5967
26.0,30468.0,0.7989,50387.0,1239.0,12978.0,2.0,0.0672,0.2064,0.2105,0.6466
30.0,34001.0,0.9239,62688.0,1341.0,15558.0,2.0,0.0266,0.1467,0.1468,0.8532
20.0,44864.0,0.6303,34421.0,1178.5,31764.0,2.0,0.1025,0.3399,0.4772,0.4173
21.0,38781.0,0.6606,39294.0,1074.0,26840.0,2.0,0.1768,0.3204,0.3903,0.7
20.0,53405.0,0.6348,39418.0,1053.0,36710.0,2.0,0.0037,0.4159,0.4205,0.4638
19.0,22683.0,0.6456,41429.0,993.0,11160.0,2.0,0.0728,0.4475,0.5424,0.3923
31.0,69678.0,0.8775,65130.0,1361.0,55772.0,2.0,0.0043,0.1106,0.111,0.8541
21.0,25593.0,0.6637,38811.0,1076.0,11700.0,2.0,0.0478,0.3921,0.3927,0.449
19.0,43485.0,0.689,41954.0,1001.0,29100.0,2.0,0.0598,0.4927,0.4943,0.4947
22.0,38625.0,0.711,41873.0,1178.5,23590.0,2.0,0.0464,0.3037,0.3825,0.5365
23.0,55950.0,0.6837,54020.0,1156.0,41900.0,2.0,0.003,0.2866,0.3031,0.6341
20.0,20783.0,0.6031,42741.0,1080.0,10760.0,2.0,0.1938,0.3747,0.4131,0.4237
29.0,28844.0,0.8962,57143.0,1304.0,12688.0,2.0,0.0318,0.1919,0.195,0.7832
23.0,25333.0,0.7057,43468.0,1105.0,11640.0,2.0,0.0554,0.3043,0.3103,0.4797
17.0,29886.0,0.6806,37060.0,1116.0,11060.0,2.0,0.0911,0.6562,0.6597,0.3436
21.0,24523.0,0.6396,44954.0,1078.0,11583.0,2.0,0.1727,0.4543,0.5033,0.4321
23.0,29729.0,0.6695,47021.0,1106.0,15866.0,2.0,0.0722,0.408,0.4305,0.6093
30.0,67045.0,0.8862,53960.0,1300.0,51530.0,2.0,0.004,0.154,0.154,0.825
25.0,51613.0,0.8197,56716.0,1191.0,37342.0,2.0,0.0338,0.1825,0.1883,0.7553
21.0,20843.0,0.7112,41615.0,1085.0,9000.0,2.0,0.1712,0.202,0.331,0.443
23.0,22651.0,0.7449,46813.0,1141.0,9633.0,2.0,0.1912,0.1778,0.2576,0.4869
22.0,40906.0,0.6886,45884.0,1050.0,31890.0,2.0,0.0857,0.2688,0.3275,0.5337
22.0,44064.0,0.7069,45410.0,1050.0,31500.0,2.0,0.1046,0.1791,0.2857,0.5673
21.0,22455.0,0.7361,41202.0,1087.0,8845.0,2.0,0.0841,0.1332,0.2842,0.508
20.0,37503.0,0.5072,48271.0,998.0,22764.0,2.0,0.3526,0.3755,0.3796,0.2681
27.0,25988.0,0.8282,64226.0,1252.0,10440.0,2.0,0.0461,0.1627,0.1715,0.5589
22.0,22447.0,0.7884,48563.0,1121.0,9299.0,2.0,0.0736,0.1804,0.2053,0.5926
22.0,23178.0,0.8176,48679.0,1122.0,9432.0,2.0,0.1051,0.1931,0.2532,0.5722
21.0,25804.0,0.6552,41803.0,1089.0,8431.0,2.0,0.2369,0.4499,0.5056,0.4324
22.0,21043.0,0.6349,68408.0,1120.0,13078.0,2.0,0.3681,0.5451,0.5586,0.5846
27.0,58305.0,0.8402,56362.0,1269.0,39850.0,2.0,0.0442,0.1678,0.1682,0.7247
18.0,26998.0,0.5573,38447.0,1021.0,17482.0,2.0,0.3488,0.3407,0.4949,0.4499
22.0,43885.0,0.6751,44752.0,1112.0,33000.0,2.0,0.0389,0.3976,0.421,0.5624
22.0,45249.0,0.7122,49619.0,1150.0,35520.0,2.0,0.0977,0.3649,0.3822,0.5982
26.0,51502.0,0.8407,52467.0,1275.0,37152.0,2.0,0.0945,0.2256,0.2261,0.693
23.0,24278.0,0.7189,41334.0,1114.0,9674.0,2.0,0.1642,0.3795,0.4008,0.5514
23.0,39142.0,0.7924,45353.0,1200.0,23578.0,2.0,0.0372,0.5274,0.5274,0.561
24.0,35735.0,0.9241,46267.0,1147.0,24300.0,2.0,0.0284,0.2354,0.3032,0.6975
22.0,30442.0,0.766,37151.0,1084.0,19274.0,2.0,0.1353,0.4176,0.4323,0.6565
21.0,44974.0,0.6813,48718.0,1178.5,33784.0,2.0,0.3879,0.4226,0.4442,0.4633
15.0,18458.0,0.6308,32064.0,1178.5,12076.0,2.0,0.3344,0.7684,0.7684,0.1809
24.0,32673.0,0.7942,39737.0,1174.0,21730.0,2.0,0.1841,0.2995,0.3467,0.6285
22.0,37976.0,0.7743,45909.0,1060.0,25180.0,2.0,0.1961,0.3969,0.4216,0.5085
21.0,26042.0,0.6636,31759.0,1091.0,10200.0,2.0,0.0481,0.3862,0.444,0.3028
24.0,52089.0,0.6642,44556.0,1143.0,37758.0,2.0,0.0392,0.369,0.3959,0.5327
23.0,21922.0,0.7606,45912.0,1120.0,9232.0,2.0,0.1497,0.3386,0.3566,0.5459
30.0,66266.0,0.9088,58357.0,1385.0,52310.0,2.0,0.0068,0.1361,0.1383,0.8501
29.0,66480.0,0.8882,59181.0,1357.0,51146.0,2.0,0.0035,0.1499,0.1507,0.8148
21.0,35673.0,0.7527,41979.0,1086.0,27350.0,2.0,0.1417,0.4261,0.4274,0.5
23.0,23504.0,0.7253,47404.0,1147.0,9848.0,2.0,0.0961,0.3321,0.3336,0.5235
28.0,32658.0,0.8859,55413.0,1299.0,13244.0,2.0,0.0482,0.2236,0.2245,0.7258
22.0,21744.0,0.7111,40706.0,1121.0,9912.0,2.0,0.1135,0.3659,0.4634,0.5263
22.0,42041.0,0.5528,39321.0,1044.0,27208.0,2.0,0.2115,0.4676,0.5433,0.3395
27.0,56891.0,0.8444,49813.0,1281.0,36880.0,2.0,0.2158,0.2619,0.2822,0.6657
35.0,79538.0,0.9643,84603.0,1546.0,60348.0,2.0,0.0021,0.1664,0.1664,0.9277
25.0,55221.0,0.7851,46572.0,1172.0,40500.0,2.0,0.0182,0.2361,0.2361,0.6032
21.0,21174.0,0.7324,45070.0,1038.0,8186.0,2.0,0.0638,0.2795,0.4671,0.4077
26.0,57746.0,0.8445,61375.0,1243.0,44950.0,2.0,0.0066,0.3102,0.3113,0.7304
29.0,68535.0,0.9041,61315.0,1347.0,51738.0,2.0,0.0206,0.1419,0.1427,0.8143
20.0,49494.0,0.6769,53643.0,1060.0,35620.0,2.0,0.356,0.3519,0.3519,0.3889
22.0,23200.0,0.6285,48356.0,1090.0,9748.0,2.0,0.1542,0.3889,0.3918,0.3507
23.0,46367.0,0.6215,47965.0,1095.0,35310.0,2.0,0.1118,0.2507,0.283,0.5662
28.0,63310.0,0.7731,54565.0,1277.0,48000.0,2.0,0.018,0.284,0.2849,0.7197
21.0,21204.0,0.6267,42301.0,999.0,7930.0,2.0,0.3296,0.511,0.5142,0.2995
21.0,22475.0,0.6503,47068.0,1050.0,10026.0,2.0,0.29,0.4002,0.4038,0.4273
21.0,45285.0,0.6392,52804.0,1093.0,31686.0,2.0,0.0549,0.3882,0.3925,0.5791
25.0,46360.0,0.6913,53986.0,1147.0,36750.0,2.0,0.1522,0.5212,0.5231,0.4931
20.0,28856.0,0.6654,57784.0,1082.0,7698.0,2.0,0.4289,0.4395,0.4395,0.5374
26.0,24130.0,0.8453,60328.0,1241.0,9699.0,2.0,0.13,0.4104,0.4216,0.6308
17.0,25026.0,0.6871,41453.0,930.0,14703.0,2.0,0.3592,0.6105,0.6224,0.3172
20.0,45505.0,0.6999,49893.0,1020.0,34400.0,2.0,0.2615,0.4305,0.4361,0.5322
20.0,21570.0,0.5937,46359.0,936.0,8690.0,2.0,0.255,0.4313,0.4613,0.377
18.0,16313.0,0.7909,45780.0,1006.0,7846.0,2.0,0.1437,0.6308,0.6842,0.4945
26.0,47233.0,0.7707,47344.0,1239.0,34470.0,2.0,0.1157,0.1652,0.3044,0.6692
23.0,38261.0,0.7143,51297.0,1068.0,26300.0,2.0,0.1299,0.3159,0.3451,0.4875
22.0,45330.0,0.6446,51945.0,1100.0,31950.0,2.0,0.1011,0.3923,0.3976,0.4987
24.0,42284.0,0.6433,43120.0,1138.0,30422.0,2.0,0.1804,0.5289,0.5417,0.3732
23.0,24696.0,0.8023,54441.0,1127.0,11140.0,2.0,0.152,0.3523,0.3535,0.5892
19.0,40626.0,0.5703,45129.0,1178.5,31124.0,1.0,0.1709,0.5727,0.5867,0.385
19.0,25775.0,0.7326,43214.0,957.0,11299.0,2.0,0.0701,0.6593,0.6593,0.4147
35.0,71745.0,0.981,93158.0,1546.0,54960.0,2.0,0.004,0.1662,0.1665,0.9363
21.0,42639.0,0.711,56911.0,1171.0,32484.0,2.0,0.3142,0.3603,0.3692,0.6581
21.0,23962.0,0.7389,50967.0,1056.0,8960.0,2.0,0.1623,0.3985,0.3985,0.5609
21.0,45167.0,0.6175,49336.0,1178.5,35614.0,2.0,0.1042,0.355,0.3733,0.4983
33.0,79885.0,0.9024,71557.0,1444.0,61980.0,2.0,0.0195,0.1158,0.116,0.8231
20.0,31917.0,0.7664,44878.0,1015.0,17782.0,2.0,0.2008,0.529,0.5466,0.4167
28.0,61668.0,0.7938,55750.0,1262.0,48650.0,2.0,0.0266,0.2467,0.2473,0.7158
21.0,24402.0,0.7316,45699.0,1067.0,10600.0,2.0,0.1151,0.3806,0.4144,0.5307
22.0,25797.0,0.8007,54343.0,1090.0,11135.0,2.0,0.1179,0.363,0.363,0.5586
21.0,34060.0,0.7923,52487.0,1020.0,24060.0,2.0,0.1516,0.4212,0.5123,0.4701
16.0,22434.0,0.4896,39291.0,972.0,7649.0,2.0,0.2966,0.5535,0.5552,0.2607
20.0,22286.0,0.7046,50553.0,1061.0,7848.0,2.0,0.1976,0.381,0.381,0.4581
19.0,22081.0,0.635,48649.0,1130.0,9892.0,2.0,0.1239,0.5272,0.5638,0.4404
28.0,31451.0,0.9455,68051.0,1281.0,13239.0,2.0,0.0209,0.197,0.1995,0.8354
23.0,24530.0,0.7411,58919.0,1112.0,11727.0,2.0,0.3753,0.368,0.3714,0.5348
30.0,29361.0,0.953,70400.0,1373.0,11698.0,2.0,0.0226,0.2442,0.2467,0.8779
22.0,22535.0,0.6074,52683.0,1114.0,9855.0,2.0,0.2509,0.3493,0.3717,0.4405
29.0,71425.0,0.9174,62890.0,1307.0,53980.0,2.0,0.0339,0.1231,0.1232,0.8372
20.0,22113.0,0.6623,53037.0,1011.0,9234.0,2.0,0.3191,0.308,0.3604,0.3975
22.0,21660.0,0.804,54294.0,1111.0,8945.0,2.0,0.1588,0.4327,0.4374,0.5351
17.0,24679.0,0.5495,36840.0,922.0,9173.0,2.0,0.1877,0.6954,0.6954,0.2625
26.0,27249.0,0.8571,57735.0,1198.0,11852.0,2.0,0.0691,0.2525,0.2581,0.6375
19.0,43598.0,0.5552,49123.0,1025.0,36128.0,2.0,0.1437,0.4237,0.5179,0.3256
21.0,20019.0,0.7327,53072.0,1041.0,8311.0,2.0,0.2321,0.379,0.432,0.482
31.0,63684.0,0.9109,62912.0,1390.0,49264.0,2.0,0.0091,0.1591,0.1602,0.7576
21.0,22672.0,0.6809,49205.0,1050.0,9101.0,2.0,0.2128,0.4639,0.4678,0.4502
29.0,19819.0,0.8977,82955.0,1376.0,6304.0,2.0,0.0712,0.3239,0.3239,0.7865
24.0,21369.0,0.5266,58371.0,1126.0,6250.0,2.0,0.2198,0.1549,0.1566,0.6637
23.0,19869.0,0.7102,48982.0,1116.0,6770.0,2.0,0.2438,0.2562,0.3344,0.5792
25.0,20770.0,0.7448,52966.0,1187.0,9228.0,2.0,0.1396,0.2724,0.3221,0.5439
26.0,18891.0,0.8457,66238.0,1236.0,9315.0,2.0,0.1548,0.2147,0.2232,0.6455
27.0,54750.0,0.7515,65140.0,1247.0,40352.0,2.0,0.1218,0.2573,0.2604,0.6454
19.0,25878.0,0.6632,47483.0,1102.0,13078.0,2.0,0.1101,0.333,0.3592,0.5401
33.0,78820.0,0.9544,82309.0,1502.0,62460.0,2.0,0.0028,0.1487,0.1498,0.9354
31.0,35179.0,0.8874,56618.0,1358.0,18890.0,2.0,0.0431,0.137,0.1437,0.7576
20.0,50240.0,0.6256,41727.0,1026.0,37790.0,2.0,0.2038,0.4174,0.425,0.4599
25.0,53800.0,0.7538,48122.0,1127.0,39800.0,2.0,0.0091,0.3062,0.3065,0.5783
33.0,40624.0,0.9536,67508.0,1465.0,23970.0,2.0,0.0141,0.1275,0.1279,0.9095
26.0,29448.0,0.7008,38240.0,1150.0,19680.0,2.0,0.5538,0.4986,0.53,0.5458
27.0,31162.0,0.8577,56274.0,1199.0,15425.0,2.0,0.0123,0.144,0.1443,0.7608
30.0,53834.0,0.7923,49347.0,1178.5,40990.0,2.0,0.12,0.3069,0.321,0.6261
21.0,52268.0,0.5777,39552.0,1010.0,38320.0,2.0,0.0232,0.5098,0.5158,0.2816
28.0,26268.0,0.8525,77805.0,1255.0,13401.0,2.0,0.1833,0.2965,0.3026,0.7059
24.0,66868.0,0.8063,58783.0,1182.0,50740.0,2.0,0.0035,0.1998,0.1998,0.7527
27.0,29043.0,0.8921,62471.0,1241.0,13092.0,2.0,0.0301,0.1427,0.145,0.8115
20.0,31501.0,0.7617,47043.0,1116.0,14840.0,2.0,0.0525,0.2556,0.2784,0.6656
29.0,29268.0,0.8347,57246.0,1260.0,14234.0,2.0,0.106,0.2025,0.2045,0.6877
18.0,26039.0,0.6985,40922.0,949.0,9622.0,2.0,0.1555,0.629,0.6305,0.3986
24.0,26060.0,0.7395,52667.0,1172.0,11220.0,2.0,0.2594,0.3695,0.3745,0.4826
21.0,25873.0,0.6835,50020.0,1057.0,11916.0,2.0,0.0926,0.3607,0.3649,0.5396
25.0,42574.0,0.6715,42346.0,1108.0,27930.0,2.0,0.0207,0.39,0.3958,0.4973
25.0,65345.0,0.7355,51344.0,1172.0,35350.0,2.0,0.022,0.2571,0.2571,0.7134
22.0,31394.0,0.6694,50974.0,1089.0,19108.0,2.0,0.1624,0.4554,0.4995,0.4608
25.0,40846.0,0.6215,47007.0,1232.0,23590.0,2.0,0.031,0.3451,0.3451,0.6119
22.0,23546.0,0.6972,41070.0,1068.0,11498.0,2.0,0.3903,0.3363,0.5899,0.4494
29.0,28064.0,0.9095,74427.0,1337.0,14586.0,2.0,0.0168,0.1499,0.1502,0.8642
25.0,33388.0,0.8478,57232.0,1170.0,15828.0,2.0,0.0996,0.2983,0.305,0.6451
34.0,36314.0,0.9694,77350.0,1487.0,20342.0,2.0,0.0405,0.1354,0.1375,0.9522
25.0,33182.0,0.8169,72846.0,1201.0,19914.0,2.0,0.0006,0.1531,0.1531,0.7687
18.0,23673.0,0.7306,44363.0,910.0,9654.0,2.0,0.0913,0.6843,0.6843,0.379
16.0,29361.0,0.5361,34181.0,900.0,14305.0,2.0,0.1496,0.5559,0.6088,0.3913
29.0,50638.0,0.6862,49609.0,1278.0,36910.0,2.0,0.108,0.332,0.3462,0.4399
34.0,80300.0,0.9752,99795.0,1499.0,61750.0,2.0,0.0011,0.1039,0.1039,0.9483
23.0,24688.0,0.6538,42328.0,1131.0,8750.0,2.0,0.4246,0.4535,0.4607,0.4109
29.0,66149.0,0.926,69017.0,1329.0,50735.0,2.0,0.0146,0.1424,0.1431,0.8809
28.0,45835.0,0.8077,50749.0,1198.0,35000.0,2.0,0.099,0.2841,0.2919,0.6751
25.0,60866.0,0.7795,66702.0,1338.0,50928.0,2.0,0.0733,0.3409,0.3471,0.7179
29.0,73002.0,0.7873,66626.0,1301.0,57626.0,2.0,0.0198,0.1779,0.1779,0.7611
21.0,54442.0,0.7014,59279.0,1090.0,42220.0,2.0,0.1826,0.3888,0.3976,0.6017
24.0,51895.0,0.7896,59523.0,1205.0,37158.0,2.0,0.0648,0.3383,0.342,0.654
28.0,66095.0,0.818,73201.0,1269.0,51324.0,2.0,0.0639,0.2027,0.203,0.7434
26.0,26158.0,0.7736,61710.0,1257.0,8967.0,2.0,0.0832,0.2187,0.2201,0.6534
31.0,71982.0,0.8826,68347.0,1416.0,58622.0,2.0,0.0173,0.1373,0.1391,0.9037
25.0,63427.0,0.7782,51070.0,1207.0,48990.0,2.0,0.0299,0.298,0.3,0.7568
21.0,44217.0,0.5687,38112.0,991.0,31500.0,2.0,0.0787,0.5147,0.5369,0.3385
23.0,28102.0,0.7647,49308.0,1088.0,17050.0,2.0,0.1927,0.4427,0.509,0.5854
20.0,18445.0,0.578,32166.0,999.0,9840.0,2.0,0.2312,0.458,0.4663,0.3521
21.0,18362.0,0.5564,38783.0,1007.0,9100.0,2.0,0.1139,0.4513,0.4654,0.403
20.0,17238.0,0.629,40733.0,973.0,8008.0,2.0,0.158,0.353,0.3959,0.4639
22.0,20327.0,0.7446,42688.0,1116.0,8604.0,2.0,0.1163,0.4008,0.4472,0.4973
23.0,18205.0,0.7039,46457.0,1064.0,8282.0,2.0,0.1294,0.3084,0.329,0.4785
21.0,22394.0,0.7088,39879.0,995.0,8716.0,2.0,0.0666,0.3067,0.3649,0.6124
22.0,18060.0,0.5638,48196.0,1050.0,7848.0,2.0,0.0611,0.2713,0.3959,0.3378
21.0,47149.0,0.6689,42903.0,1067.0,32976.0,2.0,0.0204,0.3656,0.3671,0.5349
24.0,22810.0,0.7899,48196.0,1116.0,9360.0,2.0,0.0435,0.2172,0.2272,0.6212
20.0,41602.0,0.7162,55675.0,1178.5,28290.0,2.0,0.1068,0.3242,0.3559,0.704
22.0,30905.0,0.8158,78275.0,1178.5,21900.0,2.0,0.1712,0.1615,0.2312,0.7568
26.0,66936.0,0.8241,46249.0,1306.0,56312.0,2.0,0.0129,0.3056,0.3232,0.712
20.0,45740.0,0.6346,48500.0,980.0,35444.0,2.0,0.1802,0.2702,0.3937,0.5152
25.0,48464.0,0.7478,49961.0,1212.0,36190.0,2.0,0.0468,0.2271,0.234,0.6702
24.0,46744.0,0.7384,47599.0,1160.0,34500.0,2.0,0.0201,0.271,0.2729,0.6468
23.0,47970.0,0.7755,45988.0,1150.0,33062.0,2.0,0.185,0.2327,0.258,0.6639
30.0,65910.0,0.875,59769.0,1358.0,53979.0,2.0,0.0027,0.2259,0.2282,0.7802
24.0,29409.0,0.7563,42440.0,1117.0,18810.0,2.0,0.0978,0.3973,0.5762,0.5596
21.0,39345.0,0.6514,44426.0,1050.0,30000.0,2.0,0.1828,0.4186,0.4186,0.5131
28.0,61926.0,0.8947,71106.0,1302.0,46670.0,2.0,0.0119,0.1953,0.2004,0.8252
27.0,57411.0,0.8176,81630.0,1178.5,46506.0,2.0,0.0932,0.2296,0.2306,0.7104
19.0,46622.0,0.6526,44826.0,1050.0,33390.0,2.0,0.1425,0.5992,0.658,0.6017
24.0,53032.0,0.7419,42675.0,1129.0,41237.0,2.0,0.049,0.3653,0.3731,0.5419
24.0,59356.0,0.7611,51014.0,1178.5,49600.0,2.0,0.0074,0.3543,0.3624,0.5613
27.0,54466.0,0.8185,50835.0,1178.0,43204.0,2.0,0.0077,0.1669,0.1688,0.7153
23.0,42691.0,0.7586,50791.0,1188.0,31150.0,2.0,0.2536,0.221,0.2238,0.6077
21.0,18326.0,0.7426,51094.0,1090.0,7864.0,2.0,0.0968,0.2527,0.265,0.6166
24.0,20478.0,0.8007,53291.0,1190.0,8914.0,2.0,0.0392,0.1951,0.1998,0.6528
22.0,17641.0,0.6885,50802.0,1090.0,7873.0,2.0,0.1872,0.2224,0.318,0.5231
24.0,17946.0,0.843,55354.0,1190.0,9232.0,2.0,0.0223,0.1589,0.1619,0.6979
25.0,45903.0,0.7482,48682.0,1181.0,33762.0,2.0,0.0417,0.2454,0.2592,0.6711
21.0,18642.0,0.6782,49889.0,1050.0,7795.0,2.0,0.0865,0.1709,0.2627,0.5757
21.0,15328.0,0.7133,47628.0,1090.0,7466.0,2.0,0.2,0.3432,0.356,0.4006
23.0,20440.0,0.719,53599.0,1120.0,9663.0,2.0,0.1384,0.2335,0.239,0.5192
21.0,18487.0,0.6647,46981.0,1050.0,8167.0,2.0,0.2868,0.3203,0.3402,0.4016
29.0,27100.0,0.9433,66099.0,1374.0,10796.0,2.0,0.0363,0.1495,0.1542,0.8923
22.0,21812.0,0.718,50717.0,1090.0,9620.0,2.0,0.1663,0.2916,0.3089,0.4787
23.0,19916.0,0.7798,51819.0,1150.0,7862.0,2.0,0.0884,0.2175,0.2226,0.6107
22.0,18312.0,0.7286,49618.0,1090.0,8135.0,2.0,0.0746,0.2225,0.2347,0.5908
22.0,18407.0,0.7534,49935.0,1120.0,8376.0,2.0,0.0875,0.2894,0.3051,0.5602
17.0,16096.0,0.663,37795.0,911.0,5235.0,2.0,0.2533,0.4585,0.4737,0.273
35.0,78898.0,0.9831,122170.0,1553.0,58416.0,2.0,0.0157,0.188,0.188,0.9511
30.0,22508.0,0.9047,66974.0,1354.0,9992.0,2.0,0.0267,0.1412,0.1417,0.8304
28.0,51688.0,0.7395,44002.0,1383.0,37090.0,2.0,0.0842,0.2962,0.2962,0.7164
26.0,22236.0,0.75,51026.0,1236.0,6916.0,2.0,0.0554,0.2975,0.2975,0.6261
26.0,51096.0,0.9254,56799.0,1350.0,35544.0,2.0,0.0069,0.1908,0.1908,0.875
22.0,24084.0,0.8333,54906.0,1178.5,11691.0,2.0,0.519,0.4259,0.451,1.0
22.0,17054.0,0.8079,53976.0,1114.0,6118.0,2.0,0.1003,0.2957,0.303,0.5853
23.0,20033.0,0.7584,66740.0,1110.0,16640.0,2.0,0.0893,0.5031,0.5109,0.5992
25.0,20905.0,0.7923,66740.0,1180.0,16640.0,2.0,0.0996,0.3678,0.3794,0.5893
25.0,25463.0,0.8101,66740.0,1116.0,16650.0,2.0,0.0703,0.4898,0.5028,0.6356
25.0,25731.0,0.7886,57728.0,1116.0,11628.0,2.0,0.2845,0.2902,0.2922,0.5833
35.0,79024.0,0.989,49308.0,1533.0,60766.0,2.0,0.0026,0.1257,0.133,0.9367
28.0,48239.0,0.6875,77463.0,1301.0,36100.0,2.0,0.1705,0.2327,0.2347,0.601
20.0,17493.0,0.6695,45188.0,1116.0,4458.0,2.0,0.1946,0.5109,0.5391,0.1966
19.0,31386.0,0.8333,49308.0,1120.0,20000.0,2.0,0.5574,0.4444,0.4463,0.24
30.0,45051.0,0.883,49308.0,1356.0,28425.0,2.0,0.0207,0.0,0.0,0.6471
27.0,58199.0,0.7143,62227.0,1302.0,21690.0,2.0,0.0156,0.2266,0.2451,0.5625
26.0,26219.0,0.6316,63838.0,1190.0,13464.0,2.0,0.0464,0.37,0.3788,0.5862
20.0,22127.0,0.7158,46627.0,954.0,9548.0,2.0,0.3695,0.4914,0.5048,0.314
14.0,28538.0,0.6111,49308.0,1178.5,16398.0,2.0,0.5215,0.5337,0.5337,0.2857
22.0,47306.0,0.8381,49308.0,1066.0,28000.0,2.0,0.0719,0.3836,0.3836,0.7297
19.0,23005.0,0.7624,66740.0,1118.0,16650.0,2.0,0.0497,0.4742,0.4816,0.6219
25.0,21924.0,0.7279,43412.0,1105.0,8122.0,2.0,0.142,0.3785,0.405,0.5013
22.0,19127.0,0.6122,37781.0,1020.0,3958.0,2.0,0.2746,0.4187,0.4631,0.2382
23.0,17892.0,0.7224,47076.0,1083.0,4995.0,2.0,0.0955,0.2792,0.3066,0.3856
29.0,20179.0,0.7906,46627.0,1292.0,4940.0,2.0,0.0521,0.3153,0.3172,0.4728
23.0,49593.0,0.7333,49308.0,1178.5,37143.0,2.0,0.1579,0.7293,0.7293,0.25
29.0,17518.0,0.9173,68870.0,1331.0,3876.0,2.0,0.3427,0.2065,0.2366,0.7871
18.0,20965.0,0.6804,46627.0,1047.0,9518.0,2.0,0.3655,0.5024,0.5132,0.4397
24.0,36067.0,0.8,49308.0,1133.0,20572.0,2.0,0.3471,0.2066,0.2066,0.5333
23.0,24808.0,0.7455,55508.0,1133.0,5786.0,2.0,0.14,0.3604,0.372,0.4642
25.0,47587.0,0.7226,43398.0,1190.0,37550.0,2.0,0.0735,0.2674,0.274,0.634
23.0,15746.0,0.6394,42705.0,1055.0,8174.0,2.0,0.2096,0.2946,0.3705,0.4435
25.0,45051.0,0.8182,49308.0,1178.5,9910.0,2.0,0.2984,0.0,0.0,0.3196
